time,S_i1,S_i2,S_i3,S_i4,E_i1,E_i2,E_i3,E_i4,A_i1,A_i2,A_i3,A_i4,P_i1,P_i2,P_i3,P_i4,I_i1,I_i2,I_i3,I_i4,D_i1,D_i2,D_i3,D_i4,H_i1,H_i2,H_i3,H_i4,R_i1,R_i2,R_i3,R_i4,F_i1,F_i2,F_i3,F_i4,cum_exp_i1,cum_exp_i2,cum_exp_i3,cum_exp_i4,cum_asym_i1,cum_asym_i2,cum_asym_i3,cum_asym_i4,cum_sym_i1,cum_sym_i2,cum_sym_i3,cum_sym_i4,cum_diag_i1,cum_diag_i2,cum_diag_i3,cum_diag_i4,cum_hosp_i1,cum_hosp_i2,cum_hosp_i3,cum_hosp_i4
0,502167,996886,514648,176295,0,2,2,0,0,0,0,0,0,0,0,0,0,0,0,0,0,0,0,0,0,0,0,0,0,0,0,0,0,0,0,0,0,0,0,0,0,0,0,0,0,0,0,0,0,0,0,0,0,0,0,0
1,502166.936795243,996885.781994752,514647.864545788,176294.960843134,0.0565463156756144,1.63279702625484,1.55896281562746,0.0350172599814452,0.00189756406652404,0.158583576888468,0.156099562105387,0.0011796158340505,0.0041111217749956,0.319676095122937,0.314294917907427,0.00255530661492728,0.000532662096786806,0.0852844516018783,0.0845658667375173,0.000331610437117692,1.0937901680947e-06,0.000294950626316754,0.000293410993695184,6.81521679958244e-07,2.19127216870017e-08,0.000137247766644629,0.000566594807683093,2.58021115607286e-06,0.000115977175929587,0.0212316286138367,0.0206682177766759,6.97786474738533e-05,0,2.70656996472744e-07,2.82585448705544e-06,3.25356052995303e-08,0.0632047564927402,0.218005247531916,0.135454211810334,0.0391568657834559,0.00199753224513774,0.175562466383124,0.172947418854862,0.0012418817406032,0.000549786796992468,0.0899696597710177,0.0892490594205841,0.000342417446480178,1.14335477340965e-06,0.000448386074140488,0.000893828730304311,3.37110820797011e-06,2.24567481014554e-08,0.000142681726343044,0.000590785364226128,2.67696798518568e-06
2,502166.773433726,996885.239383698,514647.530568065,176294.863032131,0.181907252749423,1.64235988775002,1.40903282353328,0.109638625181902,0.0120741964477372,0.274794372983864,0.259159666963856,0.00738322865133803,0.0243775760757832,0.487633585373204,0.456089596617403,0.0148906818857066,0.00645076638476378,0.264405047844667,0.255887786305356,0.00396880017746266,2.69580977661671e-05,0.0018615713340055,0.00182507741083959,1.66511821088228e-05,5.41002797901908e-07,0.000866853478149829,0.00351694187044524,6.2386548406085e-05,0.00172898284446022,0.088691410841331,0.083883182541988,0.00100586313280784,0,3.57188565561472e-06,3.68599246618209e-05,1.63255926245453e-06,0.226566273602732,0.760616301490892,0.469431935167832,0.136967869318994,0.0133977062559925,0.335476924122263,0.318119733490365,0.00819877324112774,0.00688373852153272,0.295145904245409,0.286189781526782,0.00423978901025815,2.89079956660768e-05,0.00294197641164311,0.00578340370499502,8.45314969075755e-05,5.68760911150577e-07,0.00093856595169717,0.00383247902771511,6.72415758788996e-05
3,502166.517747676,996884.441672274,514647.047656137,176294.718420154,0.350830432547548,1.86597889087693,1.42760160578008,0.203066248926617,0.033729260926392,0.381416829850235,0.338468260098013,0.0201018724121083,0.0638560927900083,0.613711282803829,0.532573253458528,0.0379329406752797,0.0254816034496023,0.483332313235487,0.450251230581604,0.0153848229020328,0.000161174410990677,0.00509865726135281,0.00488485251994077,9.81932176258126e-05,3.24013313418205e-06,0.00237591194389672,0.00939318849877624,0.000364041753058715,0.008190520185648,0.206398629541538,0.18901716736438,0.0046169156242328,0,1.52099960838154e-05,0.00015430434204929,1.48101705557136e-05,0.482252324443324,1.55832772550935,0.952343862643367,0.281579845681511,0.0394265675687327,0.507704650389727,0.457422677058988,0.0235540790264682,0.0281392315370345,0.570932901438866,0.534746326345777,0.017026577053146,0.000177440289361005,0.00838359415823483,0.0161266360952661,0.000512124187982898,3.49713342707438e-06,0.00268128186527179,0.0107141014928026,0.000408085351706984
4,502166.154200768,996883.384473162,514646.420389967,176294.52568492,0.564685881605584,2.24842244064806,1.56413679686336,0.311351368109003,0.0686364005274674,0.49631870564858,0.410750941845592,0.0395821546157106,0.122803897295798,0.746823035154095,0.594382801774017,0.0703447698004265,0.0647261702436583,0.730043528814514,0.647549024400994,0.0381142304081542,0.000546160166905104,0.0100769513284438,0.00936504566077359,0.000326705969746393,1.09986351620038e-05,0.00469896972226201,0.0179703854497485,0.00119858825141815,0.0243897235437497,0.379102018092568,0.335046171942335,0.013330116753937,0,4.11879544624863e-05,0.000408864955144083,6.7146287305514e-05,0.845799232018324,2.61552683736298,1.57961003289196,0.474315080195702,0.0843340051238222,0.710131319014478,0.604641970808581,0.0488891136260095,0.0739754479931203,0.910150042546352,0.816448463446005,0.0437298286602624,0.000617541080336251,0.0172366412983062,0.0322359512766944,0.00175171397797234,1.21916796233537e-05,0.00552589711570116,0.0214704491866412,0.00139827292876068
5,502165.653759433,996882.022849438,514645.628906035,176294.276418097,0.835843891018818,2.78408113124778,1.80284770698605,0.437610890138291,0.118942855069715,0.631735228006794,0.486952681712265,0.0660419163383558,0.202833787971949,0.91200725920239,0.666816528582488,0.111378546955343,0.130651538548197,1.01033270339752,0.847196083453655,0.07465562895079,0.00136791290458788,0.0168419361975327,0.0150902140087199,0.000800225280146277,2.75939494502627e-05,0.00785864749726937,0.0288972269891988,0.0029056588824846,0.0565729879512732,0.614205985543089,0.522445337802621,0.02997969243239,0,8.76707808287757e-05,0.000848185961749361,0.000209343832633881,1.34624056741399,3.9771505618732,2.37109396549674,0.723581902810434,0.153119002918552,0.957920829187626,0.770473877553209,0.0857913038016429,0.154443885504672,1.3231413422354,1.130955852375,0.0888011619151576,0.00158852961725481,0.0299365647079702,0.0541580607783829,0.00441251790229984,3.14130555059451e-05,0.00961880702006249,0.0361580716507676,0.00352822131073834
6,502164.97602639,996880.282408065,514644.636330364,176293.957119063,1.18287657449738,3.49390099853922,2.14678591433532,0.588403601639816,0.187819346274606,0.79851179330649,0.575564322325417,0.100113347117616,0.307813650635811,1.12624662336233,0.764350417440386,0.161515528561385,0.23008151182733,1.33847681564125,1.05746989332301,0.127088765782949,0.00284881405961707,0.0255315482497533,0.0219504217621811,0.00162431685457032,5.75613745851294e-05,0.0119204542121774,0.0419530421033445,0.00583920164489762,0.112476151343382,0.92284256842594,0.754081352256797,0.057778857639341,0,0.000161132902854239,0.00151427210189051,0.00051731738045889,2.02397361001271,5.71759193464002,3.36366963564835,1.04288093662103,0.252329110654599,1.26710728083024,0.965065116393908,0.136343200494366,0.280954274224921,1.83033703190823,1.48746818747873,0.156618605925468,0.00339659176658684,0.0470722459784223,0.082068976296431,0.00921145556050397,6.7273892008368e-05,0.0151555071079433,0.054915876909638,0.00737763896356274
7,502164.06804663,996878.060350759,514643.390192545,176293.549361193,1.62988423835386,4.4171841728498,2.61144090293197,0.772649895885793,0.279781417269881,1.00828747553508,0.68441483006371,0.143014802524186,0.4440032210111,1.40551419267256,0.89759715286083,0.222477832646368,0.37123239063314,1.73417956224379,1.29107595050204,0.19771623900761,0.0052511281361528,0.036425239694209,0.0299506556333825,0.00291029756002784,0.000106266934062573,0.017015757694279,0.0571414788670962,0.0103622209358,0.201694707660557,1.32077406429533,1.03573948574466,0.10041463493876,0,0.000268776099819007,0.00244699869948359,0.00109288338491239,2.93195336999875,7.93964924108486,4.60980745530317,1.45063880688346,0.390620739493468,1.65673952047052,1.19950996571136,0.203396673299299,0.467445171140325,2.46021135509198,1.90125943379901,0.252114405051997,0.00642378205368715,0.0694830482540081,0.116458912762657,0.0169688114352267,0.000127422766979634,0.0224119547752606,0.0780888633384997,0.0136123197103798
8,502162.861348294,996875.22130758,514641.820722229,176293.029025817,2.20749494711693,5.61007083143014,3.22274970633918,1.00163682113657,0.400979997637708,1.27489466069732,0.821792762414349,0.196651504913162,0.620200215566463,1.76829187188988,1.07684688116021,0.297159652553502,0.564653035570859,2.22224858066376,1.563651979203,0.289588383029395,0.00888921457498344,0.0499727686703835,0.0392280250627813,0.00477912966603894,0.000180155619972387,0.0233553495575458,0.0747217136830427,0.0168626406576164,0.336254140069678,1.82943928175326,1.3765980071941,0.162231161858824,0,0.00041907546589253,0.00368869637349499,0.00206488929539306,4.1386517061566,10.7786924201282,6.17927777143016,1.9709741831105,0.579347027711899,2.15058647660941,1.48695841952729,0.29080120859218,0.731609515761302,3.24974324019875,2.39272276440347,0.38137650082825,0.0111470849874674,0.098333794349599,0.158235489636711,0.0286321281796936,0.00022142702807849,0.0317690954496958,0.106298576045159,0.0230033636855705
9,502161.267642245,996871.589652117,514639.837112506,176292.364917946,2.95472340890113,7.14742670323138,4.01738508367834,1.28954500785723,0.55957160745049,1.61554065231208,0.997301081896949,0.263724942017932,0.848100680839611,2.23779122371489,1.31409614531173,0.389642324294957,0.824147323032421,2.8335876897441,1.89371878718907,0.40693829394247,0.0141487014063029,0.0668230428639571,0.0500603584830152,0.00736920206408883,0.000287141270688453,0.0312430429811419,0.0952231571660518,0.0257825922495341,0.531378891742255,2.47731310457169,1.78981375695671,0.248487678551527,0,0.000622423382093192,0.0052891230571671,0.00359201294411664,5.7323577546429,14.4103478828013,8.16288749373904,2.63508205392186,0.833290303722531,2.77887635387099,1.84365072301821,0.403661113819388,1.09624336117963,4.24625360198408,2.98775554173076,0.552233607950281,0.018166875933898,0.135195641174196,0.208806587598671,0.045323012981887,0.000361343077283635,0.0437393893447052,0.140500375424658,0.0364647903953904
10,502159.173129388,996866.938626029,514637.322025008,176291.516824735,3.92149758255131,9.12691961188798,5.0444596604127,1.6543024482988,0.766219447278918,2.05205064305409,1.22265215992366,0.347885570757221,1.14292173130791,2.84386851677329,1.62447748816809,0.505332884072963,1.1677944232164,3.60698009049025,2.30341223722314,0.55559024311517,0.0215120829511294,0.0878623483497542,0.0628772379497269,0.0108469371238389,0.000437128226764326,0.0410936477858315,0.119465034809559,0.0376566644138808,0.806488216585949,3.30170722279745,2.2933204366048,0.36569249356358,0,0.000891889809641801,0.00731073739143689,0.0058680232434538,7.82687061211838,19.0613739709483,10.6779749924831,3.48317526458891,1.17161190887012,3.5803363077181,2.29005459962112,0.548661844887032,1.59083938938904,5.51024953456893,3.7189832442812,0.774878087330112,0.0282451941132659,0.182147619327393,0.270174242556625,0.0684040354501008,0.000562483526626093,0.0590000508871015,0.182048160391201,0.0551074331015975
11,502156.431125031,996860.975910153,514634.124203465,176290.432951856,5.17191609938639,11.6749883234248,6.36836725194439,2.1187302190978,1.03476346708313,2.61233952566693,1.51252530058794,0.453947987125114,1.52430873467504,3.62511458974139,2.02755018873232,0.651231988179994,1.61918027975106,4.59153509471767,2.81972796643915,0.74340452064916,0.031591350941124,0.114267293475974,0.0782789465774999,0.0154199017882348,0.000642677746909722,0.0534578138878264,0.148591332879558,0.0531576985935487,1.18647235944507,4.35114306449101,2.91092107170994,0.522025741945473,0,0.00124414185661063,0.00983447654856954,0.00913008705133469,10.5688749690287,25.0240898472622,13.8757965354194,4.56704814443066,1.6190876608927,4.60473045715122,2.8522287850425,0.734495377599858,2.2535624740746,7.11925647694479,4.62765030970017,1.06259055955301,0.0423554223627269,0.241909222852309,0.345057964069837,0.0995659982819435,0.000844413829032791,0.0784363542397783,0.232778774982148,0.0803094378797385
12,502152.852561622,996853.324878432,514630.048829223,176289.046601199,6.78841316213806,14.9548405115496,8.07276354682479,2.71201771187756,1.38310096620717,3.33224313356266,1.88557529241017,0.588184440056171,2.01756274458479,4.63140131304608,2.54870977027581,0.836335789055505,2.20894839587812,5.84985342518755,3.47620592276566,0.980813794143982,0.0451691687106462,0.147576762778606,0.097066536960392,0.0213526806105139,0.000919850239558772,0.06905575645578,0.18412717226449,0.0731509778367635,1.70332409018983,5.68845008499154,3.67375615048776,0.727872737508407,0,0.0017005805495382,0.012966385472762,0.0136706703311623,14.1474383779482,32.6751215681214,17.9511707774618,5.95339880142007,2.20770756474303,5.91608431697153,3.56352216919112,0.972414326862752,3.13375490648229,9.17279542655415,5.76617529117012,1.43263097362425,0.0617460116487167,0.318013813858565,0.437060900867385,0.140938584501925,0.0012322316176215,0.10319818133497,0.295125131421431,0.113805845048014
13,502148.193752253,996843.500361328,514624.845027078,176287.271881098,8.8770993901775,19.1769058459628,10.2658689614009,3.47161188197137,1.8343340405104,4.25784571652582,2.36567493930556,0.758716142267887,2.65525402976744,5.92711405576856,3.22089246616701,1.07218745608866,2.97678941811964,7.46208036831845,4.31509378973113,1.28150359125052,0.0632510362700988,0.189787890567576,0.12028581295229,0.0289862588944798,0.00128927343332736,0.088822211963276,0.228061848257706,0.0987594286220301,2.3982305585868,7.39479381159478,4.62224954757486,0.996500392376049,0,0.00228877112944847,0.0168455565238634,0.0198537502981711,18.8062477468652,42.4996386718307,23.1549729219133,7.72811890176916,2.97874450700631,7.59681984776037,4.46673118815373,1.27695210593934,4.29514981991395,11.798798922339,7.20148030619169,1.9073674577698,0.0880221925267573,0.415034751262008,0.550892386833407,0.195230220195692,0.00175820803655584,0.134773693869895,0.372267216742207,0.157802003891918
14,502142.140626163,996830.877381629,514618.189735934,176284.998176215,11.5746242541085,24.6123707304971,13.087394358095,4.44563805299573,2.41825640779545,5.44846228818627,2.98348162718978,0.976026999592811,3.47931595333567,7.59530730928365,4.08672948629406,1.37360550747396,3.97400816955891,9.53109297100348,5.39009259691494,1.66329204256557,0.0871317127169268,0.243482246690378,0.149288284056166,0.0387620396250678,0.00177750332513208,0.113965528075195,0.282964272588953,0.131443758749489,3.32425983599317,9.57489303584194,5.80865950261459,1.34491911641324,0,0.00304426162726388,0.0216539384490845,0.0281362678897066,24.8593738368338,55.1226183712053,29.8102640662026,10.0018237853056,3.98542487481758,9.75307429221246,5.61686091243227,1.66685571969295,5.82000875457201,15.1618660392121,9.01927930938125,2.51572450514293,0.123250833897452,0.538878986649985,0.692662371755495,0.265905392967447,0.00246389475806949,0.175084934591801,0.468331503927819,0.215117507524538
15,502134.288448609,996814.650914021,514609.666941875,176282.08303188,15.0569920463802,31.6106265101039,16.7175075564613,5.6960035433249,3.17327160376104,6.98046534404171,3.77843033152607,1.25363114666724,4.54374521341025,9.74305086709853,5.20130274962221,1.75962947749452,5.26683318221338,12.1891438650968,6.76984407248505,2.14926951194509,0.118480047761616,0.311990026896996,0.185812821398625,0.0512519809936091,0.00241876288560256,0.146044538472058,0.352137835045592,0.17310265521034,4.54981053456328,12.3637519220503,7.30039408265794,1.79498376262437,0,0.00401290570008766,0.0276286754784572,0.0390960417836571,32.7115513909754,71.3490859794603,38.3330581246752,12.9169681200437,5.29636780337855,12.5215378408069,7.08466517046419,2.16628937301565,7.81444632780637,19.473870761451,11.3295826481276,3.29504572620866,0.170094986530147,0.697166481471814,0.870266422375171,0.357410220611888,0.0034028280337842,0.226611337527664,0.588651441613924,0.289369403562609
16,502124.115691872,996793.784030429,514598.740914419,176278.342986103,19.5509109610798,40.6217635614954,21.3884170833077,7.30238721730188,4.14886811079106,8.95221004073685,4.80128748239035,1.60893771657129,5.91808307008927,12.5083250137424,6.63569606216597,2.25474196571849,6.94068918573847,15.6063960779805,8.54237990961613,2.76927664434428,0.159447811077634,0.399602996986473,0.232093314493841,0.0671968432907475,0.00325717299087545,0.18706825698015,0.439824698482675,0.226199794866286,6.16305181593835,15.9353497791042,9.18430920289245,2.37480583902031,0,0.00525384423057612,0.0350778271821671,0.0534678758485648,42.8843081277055,92.2159695712566,49.2590855805313,16.6570138969619,7.0000191499877,16.0782618029284,8.96120054916708,2.80638800389799,10.4152949465487,25.0076191930904,14.2737718858905,4.29349671004349,0.231986956538105,0.899720433441766,1.09388683313259,0.475460934832516,0.00464400753414611,0.292549283455563,0.740106317987161,0.385206583855705
17,502110.950320209,996766.940985946,514584.7216686,176273.541739887,25.3484302792552,52.2256030215665,27.3993389768227,9.3673806321393,5.40881536721718,11.4903854691731,6.1174367518501,2.06436977158812,7.69190697745322,16.0689216010389,8.4815805228956,2.89044605620321,9.10571789234466,20.0019188839605,10.8208279706636,3.56182095817617,0.212809793379542,0.511850266354442,0.290999322694186,0.087555126975364,0.00434962461133055,0.239624982266874,0.551472764594235,0.293926371706842,8.27764985678474,20.5138664836572,11.5722745381289,3.12057102896844,0,0.00684334572787326,0.0444005523434943,0.0721901675012405,56.0496797910459,119.059014053745,63.2783313999928,21.4582601132587,9.2103748535372,20.6500233096537,11.363697726951,3.62726384433582,13.7989676808002,32.1144661214863,18.0337141733235,5.57316958058036,0.313351444637862,1.1592008951596,1.37664310496212,0.627414451366442,0.0062763818221998,0.377018308034176,0.93156100938085,0.508610919181504
18,502093.926547759,996732.401396039,514566.720666943,176267.374985221,32.8257059011903,67.1689268814262,35.1357001638633,12.0230758029707,7.03526464258845,14.7581592774774,7.81108794843289,2.64880154974181,9.98059086012637,20.6538664630567,10.8571025610239,3.70728811046229,11.9038658254417,25.6577787215103,13.7507034408577,4.57654301381563,0.282143313907393,0.655852763153841,0.366217682900113,0.113565583179988,0.00576945895660029,0.307048244854627,0.694080395157431,0.380408809327045,11.0401122392962,26.3880918806798,14.6083279094581,4.07886727556072,0,0.00887972890124117,0.0561129554140087,0.0964646343118686,73.0734522415071,153.59860396106,81.2793330571074,27.62501477937,12.074323902095,26.5289031238902,14.4430898679732,4.68058169291981,18.1928315780954,41.2469074926871,22.843440464247,7.21406917301725,0.41989167265707,1.49191839436721,1.73542925491692,0.82274251698947,0.00841460017434937,0.485325878948777,1.17443195853669,0.667282591192094
19,502071.928988557,996687.949389928,514543.593604931,176259.450809675,42.4672285812527,86.4135556282694,45.0939453234986,15.4395684084376,9.13404685690448,18.9656953624319,9.99070863076693,3.39941624946951,12.9327436229518,26.5581730695186,13.9144916962139,4.75746928286711,15.5180454581409,32.9372335062841,17.5193069667644,5.87740869099077,0.372059984127034,0.840781719265463,0.46248797240466,0.146827790503852,0.00761121897949941,0.393631445184406,0.876643355291421,0.490976655499329,14.6392757201722,33.9300496208986,18.4779296608081,5.30968986721124,0,0.0114897203338066,0.0708814635442339,0.127833379547843,95.0710114425286,198.050610072186,104.406395069292,35.5491903245273,15.7811348583828,34.0911163331751,18.3937349237381,6.0328865748269,23.8899043799413,52.9877650412232,29.0042231258417,9.31926605839565,0.558958974206611,1.91888573459755,2.19199779356442,1.07364333949758,0.0112064423781697,0.6243096765016,1.48341983991733,0.871137170294003
20,502043.520854246,996630.73110561,514513.866856374,176249.264504696,54.896959182431,111.198133545406,57.9134205483027,19.8358830124192,11.8414848569843,24.3836765257262,12.7960057866012,4.36409552324268,16.7397708376741,34.161814206651,17.8498479532835,6.10820160446186,20.1839206560806,42.3081227956005,22.3677929834239,7.54681969966351,0.488503725435304,1.07844875884125,0.585905895546272,0.189405698226617,0.0099967591735102,0.504904101543209,1.11073066366464,0.632507012603468,19.3185097362025,43.6189578242822,23.4198740219209,6.89030486063291,0,0.0148366321225471,0.0895657733368594,0.168277892945369,123.479145753981,255.268894390173,134.13314362608,45.7354953041956,20.5746559714651,43.8212282534301,23.4659169233332,7.76988368753292,31.2677597624111,68.0877183846858,36.9039582011606,12.0215269997816,0.740028158025059,2.4671714130565,2.77435565421896,1.39582765238041,0.0148423749582282,0.802778023388192,1.87745305299885,1.13294446201575
21,502006.851583383,996557.071363355,514475.642848684,176236.166157782,70.9183627338358,143.11757846274,74.417376839327,25.4940198551551,15.3331586830214,31.3607016862123,16.4069063189628,5.60449435899862,21.6481746511439,43.9541270782344,22.9157336765363,7.84602444687369,26.2050765173229,54.3729664700644,28.6066911450753,9.69090710671525,0.639134370730148,1.38406577318337,0.744314138531915,0.243960877497089,0.0130831099375708,0.647987583603795,1.41122643449264,0.813867958794272,25.3914265508319,56.0720787006437,29.741628595474,8.92022123473159,0,0.0191308907417935,0.113274167584487,0.220346379457075,160.148416616824,328.928636645424,172.357151315985,58.8338422182227,26.7690161648964,56.3433174548052,29.9819323429973,10.0019467089203,40.8128630669476,87.5136136496442,47.0421084571239,15.4918512072736,0.975309481618853,3.17164235758099,3.51856239189965,1.80953024240461,0.01956785376271,1.0320770054198,2.38090309985874,1.46915058797794
22,501959.537960939,996462.237728902,514426.478284028,176219.31894459,91.5659007753443,184.22527036584,95.6657106454297,32.7770207210694,19.8351880629263,40.3456786509116,21.0551155967659,7.19999924842129,27.9753802191903,56.5652204126354,29.4373814327449,10.0823578263032,33.9725567564099,69.9077193192489,36.6358832316235,12.4463511751578,0.83382175755931,1.7772239095663,0.947806034806375,0.313924144885705,0.0170726071735961,0.832053425051441,1.79728580011831,1.0464897988887,33.2621188823008,72.0844614107674,37.8390984119861,11.5275948100543,0,0.0246436037733284,0.143434818595277,0.287317685629118,207.462039060905,423.762271097794,221.52171597207,75.6810554104095,34.7688414856681,72.4611002195864,38.3568015979921,12.871210406802,53.1519165807019,112.510680099733,60.0618222959033,19.9504664562349,1.28053702211936,4.07720930244843,4.47104759232319,2.34081268638539,0.025699172797104,1.32682116234673,3.02515089556578,1.90093673336484
23,501898.511264166,996340.1371526,514363.227560054,176197.64550234,118.171181578373,237.164331220655,123.022720716778,42.152176722789,25.6387436173805,51.9166239298755,27.0389824903908,9.25281917341031,36.1300869004249,72.8063612627461,37.8335367141089,12.9606431512757,43.9900018029904,89.9116303357016,46.9702999894421,15.9891572446202,1.08528182577007,2.28315404639805,1.2093740542082,0.403716532856393,0.0222259331722137,1.06891341536129,2.29356566469707,1.3451006972404,43.4512141762835,92.6801091574734,48.2220726732793,14.8774718704843,0,0.0317240315832649,0.181887642696941,0.373412267261409,268.488735834395,545.862847399794,284.772439945602,97.3544976599378,45.0952662768065,93.2095548537418,49.124915768647,16.5606962811446,69.0922010787902,144.682600062651,76.7912667460674,25.6809815047284,1.67598375565,5.24171802108972,5.69159516944462,3.02324049305154,0.0336438707524932,1.70583435714838,3.85060383679506,2.45558217128776
24,501819.820893922,996182.926250048,514281.841617463,176169.759037295,152.447861057013,305.336118132269,158.24407294476,54.2208142754407,33.1186923030516,66.8176668091564,34.742598733123,11.8945269284006,46.6384033659959,93.7218396456646,48.6432254135901,16.665512279615,56.9059766092443,115.671359229203,60.2729620949203,20.5459432513125,1.40989501228527,2.93434853460635,1.54574413242152,0.519033596649485,0.028878894960297,1.37377882179727,2.93180811755533,1.72867321308039,56.6293988350935,119.177816699859,61.5469685260263,19.1823955152566,0,0.0408220791111785,0.231002574137803,0.48406364565425,347.179106077644,703.073749951667,366.158382536534,125.240962705409,58.4193735061893,119.921289545819,62.9742928775323,21.3060445289906,89.6734681484457,186.094502627914,98.2967913006519,33.0485916213632,2.18776780989245,6.73966996923874,7.25718399397795,3.90004108703267,0.0439269913324821,2.19336056395247,4.90929169176795,3.16821807512039
25,501718.382186508,995980.510806951,514177.109612257,176133.874850194,196.600525603028,393.11630678948,203.588328031235,69.7564932927448,42.7575531417939,86.0065925286114,44.6603379432986,15.294463568076,60.177411375212,120.65558019975,62.5601342165617,21.4345633086918,73.5555369821981,148.843408543553,77.3974558827545,26.4084528144859,1.82875945953461,3.77264833997057,1.97844940188646,0.667211332294129,0.0374640168803379,1.76623749351202,3.75287814999708,2.22164256908326,73.6605629134827,153.275901894977,78.6589722254229,24.7160550785917,0,0.052517258944053,0.293831891437238,0.626267842425316,448.617813492129,905.489193048799,470.890387742593,161.125149806393,75.6051863667305,154.311865877796,80.7906179134075,27.4105969540944,116.234690147159,239.405440181773,125.951307581389,42.5234962508619,2.8495338844008,8.66701166021132,9.26693188860095,5.02688147830615,0.0572248861192686,2.82062246154262,6.26820829757519,4.08408496259483
26,501587.652922254,995719.903776155,514042.327549815,176087.696846802,253.464116699527,506.131590968371,261.959756715636,89.7539206795269,55.1762406510527,110.715855040643,57.4283465261963,19.6705239294696,77.6182132392761,155.336569870124,80.4767014274729,27.5734625633689,95.0136293607795,191.560025864959,99.4425025458546,33.9522009178183,2.36904561799142,4.85192734990391,2.53521103052558,0.85769682824455,0.0485383126123151,2.27151053683763,4.809384142209,2.85547356507988,95.6572938648461,197.16118824161,100.646241481869,31.8308416681447,0,0.0675559726164772,0.374306315110901,0.809033046122188,579.347077746085,1166.09622384507,605.672450184875,207.303153197775,97.7648883139675,198.589389863008,103.713808040772,35.2647697554745,150.499859493315,308.038673143562,161.522184000994,54.7110001994048,3.70461644984384,11.1472962329529,11.8484560870997,6.47544165999155,0.0744087035424867,3.62782660244537,8.01361072980671,5.26143686189317
27,501419.21884593,995384.402705783,513868.873720846,176028.272128671,326.682184785699,651.613436571409,337.090925109457,115.491484955318,71.1734744859398,142.530788952488,73.8649118843858,25.3029825017573,100.081058466771,199.988261627355,103.540584484877,35.47528431108,122.663654969724,246.565173233004,127.822016944034,43.6604145625529,3.0657375857493,6.24154308600134,3.2517132701108,1.10265330645287,0.0628189868605415,2.92206779904221,6.16904638618123,3.67067468871405,124.052224789592,253.649123455786,128.909593673363,40.9804187764622,0,0.0868994919262654,0.47748740182754,1.0439582264985,747.781154070336,1501.59729421701,779.126279154237,266.727871328836,126.329690785391,255.595157293681,133.210606213434,45.3709159120553,194.688220032474,396.400438724567,207.284163346469,70.3901861503824,4.8088217182349,14.3396075555595,15.1660532104419,8.33801002428024,0.0966003186589974,4.66674221386955,10.2565484303972,6.77527614893963
28,501202.26352764,994952.537635541,513645.66566705,175951.805008647,420.934188680902,838.849168711299,433.775517670908,148.610996661098,91.7762327223054,183.489737863639,95.0221424462027,32.5521936060034,129.005856312862,257.468511553703,133.226886395936,45.645248551812,158.285383242328,317.388866806134,164.35493655314,56.1547287190362,3.96387051460482,8.0307703762928,4.17388403635943,1.41773756073837,0.0812293086267194,3.75970354771121,7.91902486583455,4.71938586064411,160.689711578022,326.36381991282,165.252048715895,52.7487230131428,0,0.111785687594495,0.609892266106652,1.34597738075178,964.736472359651,1933.46236445919,1002.33433295038,343.194991353226,163.140685103625,328.983958724369,171.167644583842,58.3751984076386,251.655742262262,510.160725469823,266.164284299696,90.5635477326781,6.23400377223049,18.448746307649,19.4312141711458,10.7333905535512,0.125244230445728,6.00401619864685,13.1399707482201,8.72215458801768
29,500922.891656733,994396.728122977,513358.467016934,175853.41960741,542.224556958344,1079.75563082468,558.164425390748,191.219097190177,118.304209656544,236.211974389919,122.251991895688,41.881204327724,166.242117512293,331.448069263059,171.430280499915,58.7322732452325,204.167560126651,408.570490896357,211.38028386494,72.2345060616963,5.12140264374982,10.3344924598623,5.36082219274261,1.82309788649406,0.104957498321688,4.83820086082035,10.1714740887022,6.06869940796701,207.943538870787,419.969209910654,211.993793929504,67.8871979277081,0,0.143808417072868,0.779911203680442,1.73431654321799,1244.10834326669,2489.27187702242,1289.53298306592,441.580392590217,210.565135892504,423.454873859324,220.010567302552,75.108388620012,325.076532903549,656.613303075362,341.927709872705,116.520633534795,8.0726581786708,23.7383140207709,24.916130496814,13.8144904678266,0.162199918137291,7.72543138820639,16.8478568103183,11.2263403325732
30,500563.267590031,993681.573639821,512989.005090232,175726.857638571,698.248815110661,1389.60577427552,718.140765956314,246.01570193833,152.451977881025,304.060756525761,157.290419008697,53.8845788462928,214.163385951496,426.63767917662,220.582227408577,75.5691204597008,263.251891356691,525.944319367537,271.904277703673,92.9271087710449,6.61289866574632,13.3004998915283,6.88855177192475,2.34465395908697,0.135532253517771,6.22674877806089,13.070666867258,7.80491832341329,268.867908750006,540.465562586873,272.119656512045,87.3625553389402,0,0.185019577248578,0.998344539725317,2.23372379232947,1603.73240996914,3204.42636017915,1658.99490976822,568.142361429139,271.645078457544,545.046175771089,282.85624314357,96.6379978472426,419.675130449441,845.13673095592,439.415673259753,149.919541183865,10.4438182824223,30.5475076369639,31.9710309043585,17.7780596143431,0.209860392833506,9.94137259820541,21.6169349600714,14.4477340715745
31,500100.522919697,992761.685574903,512513.851905153,175564.095158746,898.854762140485,1787.94388571044,923.792270526751,316.455792227763,196.393370462327,391.350478440019,202.364305983348,69.3250175825474,275.812292113872,549.075939763962,283.799548896084,97.2232829885916,339.316655813217,677.003633632861,349.787941861804,119.552008205208,8.53424665652007,17.1188372121841,8.85482931519883,3.01573579444757,0.174919472714169,8.01431822765974,16.8021160265336,10.0390075923425,347.390833643984,695.569271936041,349.467990127773,112.417948205281,0,0.238060174155447,1.27909210932662,2.87604865798248,2066.47708030312,4124.31442509732,2134.14809484682,730.904841254164,350.28669544879,701.511161816065,363.70674729602,124.33471470792,541.523330599972,1087.78343780686,564.849528127963,192.891051329888,13.5006139702397,39.3126488899661,41.0464052193622,22.8771755394698,0.271304181891464,12.7938340318576,27.7517067206593,18.5920173168797
32,499505.377271145,991578.950135851,511903.01144783,175354.858710199,1156.61970687415,2299.7311317666,1188.00254732212,406.951924819038,252.913523925271,503.608716206745,260.326710692039,89.1796807434257,355.083393583892,706.492159951595,365.071713328045,125.06112879067,437.210308577136,871.363961567329,449.985780281494,153.802346209009,11.0086876418019,22.0337506444926,11.385288944144,3.8791787599649,0.225645905541783,10.3152558247062,21.6042336631108,12.9135592521214,448.561462347387,895.198559634074,448.972239755518,144.651202370999,0,0.306328553168816,1.64003818325166,3.70226885584279,2661.62272885518,5307.04986414871,2744.98855216973,940.141289801071,451.500906594309,902.795619714633,467.695801454281,159.95680949461,698.418721802829,1400.03095271588,726.218490065277,248.171426696753,17.4399482927945,50.5947458749328,52.721454991015,29.4372264463039,0.350489909763306,16.4653906229416,35.6436814076497,23.9236447174652
33,498740.408136763,990059.094749673,511118.147443679,175086.01833052,1487.56594223634,2956.76544124092,1527.18394605458,523.125243257614,325.575036980337,647.905977534545,334.827064184432,114.698481079029,456.952333690746,908.761136974095,469.495566225265,160.828297286138,563.147389719021,1121.34986376936,578.84810470223,197.848245480628,14.1945072489168,28.3589290838167,14.6412811087924,4.98999603958566,0.290956902691957,13.2764197420612,27.783202781248,16.6116727501383,578.86569645859,1152.09328591753,576.96920541179,186.114645920293,0,0.394196064449793,2.10418585257426,4.76508766634475,3426.59186323665,6826.90525032678,3529.85255632091,1208.98166947977,581.707776300091,1161.64194272576,601.400583079899,205.756927866647,900.365811009467,1801.73672938601,933.772460961167,319.271201069371,22.5148637368036,65.1147151966658,67.7404514779122,37.8763364120048,0.452504982647729,21.1906638052455,45.7959585961419,30.7824486983826
34,497757.898297191,988107.416158919,510110.378431872,174740.832353092,1912.03670555971,3799.41989366408,1962.17482818423,672.112806047093,418.925482735247,833.267516794796,430.523725835891,147.476884830285,587.760373817481,1168.46781239956,603.566772501011,206.749519998861,725.08153473354,1442.73461860447,744.502137030818,254.467038162685,18.2948162962938,36.4968838319071,18.8298397182094,6.41877666983064,0.375017034221076,17.0862536715832,35.7318849672264,21.3682382126293,746.627772632612,1482.6035789932,741.591270913308,239.442125564813,0,0.507283122003486,2.70110897768776,6.13225742204124,4409.1017028091,8778.5838410816,4537.62156812838,1554.16764690824,749.119499174819,1494.34918422526,773.234021983246,264.616452258344,1160.1851242571,2318.34695079271,1200.6459454599,410.688868603941,29.050305116871,83.7982778833499,87.0590788627004,48.7313998905879,0.583882612085418,27.2709378902686,58.8545651168831,39.6048063661308
35,496497.18653408,985603.522774569,508817.564035103,174298.017922643,2455.75047387501,4878.73501461104,2519.31951568671,862.937495123931,538.754086273571,1071.18272512027,553.346903720867,189.545964386942,755.563491228947,1501.60008500213,775.537413916545,265.6511023905,933.172771352234,1855.66684652426,957.329414261518,327.206399694772,23.5699431364162,46.9635034469054,24.2163106249762,8.25599081776455,0.483164323786751,21.9862844136105,45.9537734352031,27.484218659766,962.519535730425,1907.68995425575,953.263825388854,308.010080840649,0,0.652812056978697,3.46880786239474,7.89082544298025,5669.81346592039,11282.4772254309,5830.43596489707,1996.9820773573,964.218897613614,1921.72266324597,993.934934763108,340.213374670012,1494.28060320282,2982.4194625718,1543.64410053071,528.180105172862,37.4631561568466,107.833027647497,111.903341812443,62.6911743479334,0.753004847108102,35.0927418652597,75.6482934880109,50.950548605581
36,494881.457702041,982394.964364722,507161.016889418,173730.624764671,3151.03803562476,6258.87384890572,3231.7355197779,1106.94209038997,692.404958639567,1376.22675714017,710.819507646523,243.48229575653,970.553939945143,1928.38540931994,995.847801132546,341.108829562143,1200.36717504426,2385.81994759532,1230.55798068366,420.586701367334,30.3530528857636,60.4190015533322,31.1402674041142,10.6174156261447,0.622230752471528,28.2856137607927,59.0931761734201,35.3446284241087,1240.20290506708,2454.1850002374,1225.33278408257,396.140732991975,0,0.840056765036205,4.45607368083449,10.1525412113225,7285.54229795905,14491.0356352777,7486.98311058157,2564.37523532953,1240.35127870029,2470.2485359116,1277.1742772411,437.229943481868,1923.59904368886,3835.52784114046,1984.22551243002,679.094371895548,48.2875962420276,138.740650910413,143.844112032412,80.638158135215,0.970612709688184,45.1513688126735,97.2391255950691,65.5370187608283
37,492813.932851133,978289.67104259,505041.599923789,173004.698377442,4038.24306577483,8019.90155912189,4140.74832108653,1418.28076869354,889.152417660676,1766.80538040774,912.441609805774,312.53964658744,1245.55734129433,2474.27731464031,1277.63568127001,437.622387312114,1543.10811656687,3065.80244371538,1580.98897355709,540.349279716732,39.0697028369891,77.7066633366201,40.0354370940244,13.6509277731411,0.80094365436458,36.3790637628027,75.9729947178529,45.4410022371559,1597.1355610794,3156.37561820234,1574.85156541895,509.356886726031,0,1.08091422325921,5.7254932605905,13.0607235115519,9353.06714886746,18596.3289574103,9606.40007621082,3290.3016225577,1594.44722492779,3173.52821948654,1640.29552653729,561.60625615925,2474.81951687051,4930.6218641616,2549.72054731699,872.792210392802,62.2070263527959,178.46785643858,184.890985952874,103.70131594167,1.2504486456407,58.0804954759299,124.985733728842,84.2819637395796
38,490173.482972693,973047.24824491,502335.233027166,172077.740840392,5167.21839528106,10260.7550487077,5297.42431946068,1814.44428654734,1140.63916436383,2266.02457677161,1170.13930696619,400.802730380125,1596.59992393927,3171.08116023986,1637.31733098819,560.814419679039,1982.19415289231,3936.85907376319,2029.87296447601,693.755861942581,50.2621147169551,99.9009366583104,51.4544302207164,17.5449333610088,1.03042412498478,46.769700542179,97.6415974278299,58.3992205835502,2055.5728519885,4057.97063067498,2023.5597725336,654.69876594757,0,1.39062773212766,7.3572507605044,16.7989411666257,11993.5170273069,23838.75175509,12312.7669728337,4217.25915960784,2047.88958960776,4073.99901191468,2105.20279601191,720.84446191815,3181.80911847883,6334.91653422772,3274.82252637294,1121.15599146331,80.0939859200276,229.500063058782,237.609631187444,133.321998379706,1.61006002723373,74.6892265487421,160.622897894126,108.357174793153
39,486809.802607101,966369.397921014,498887.948476437,170897.016912607,6598.7714951641,13102.1120221904,6764.05203116072,2316.76753497272,1461.36841029613,2902.66723238001,1498.76887494531,513.359912132467,2043.5224809327,4058.17262437474,2095.21654244891,717.646011177228,2543.79100123296,5050.87739162133,2603.94362983157,889.941728313035,64.6189475130247,128.366419363624,66.099071830464,22.5387062034633,1.32479870952262,60.096465497161,125.430284545216,75.0135320248947,2643.80025905033,5214.52122601213,2599.08717576797,841.113735020931,0,1.788697547185,9.45391303280617,21.6019275487466,15357.1973928988,30516.6020789866,15760.051523563,5397.98308739349,2627.5277693204,5224.94701703885,2699.39984772067,924.36466572623,4087.37564748157,8133.37041538258,4203.38310223266,1439.20487551731,103.059607015289,295.002248692751,305.267164851877,171.335606528047,2.07179505526297,96.0080085598752,206.359935672205,139.254968232996
40,482538.474691845,957890.123366649,494510.834315817,169397.821505538,8405.78414787976,16688.6137665,8615.28993822511,2950.82306854686,1869.22452804841,3712.22648417758,1916.6502008205,656.485964044276,2610.58983024949,5183.7073858106,2676.18912734172,916.630671427568,3260.58647599028,6472.67772702486,3336.59728239929,1140.31867175484,83.0112371483257,164.829062462458,84.8570105753662,28.9348646523798,1.70193834180191,77.1675355337865,161.022607060962,96.2874432487695,3397.62715049735,6696.35465242226,3336.41310729689,1079.92860945949,0,2.30001941977732,12.146410462796,27.769201327766,19628.5253081554,38995.8766333513,20137.1656841826,6897.17849446195,3366.8223480827,6692.7788600554,3457.16272378726,1183.90662777453,5245.32898194347,10432.7766209853,5390.52389482855,1845.81812671299,132.514134023806,378.991313121782,392.010053902727,220.071522430955,2.6640221896406,123.344848500085,265.001219704018,178.869581885333
41,477136.589193842,947167.032148162,488975.543901203,167501.940687885,10673.5297944771,21189.4962816782,10938.4931809386,3746.53360397241,2385.9654939722,4737.88315606278,2446.07140971332,837.814990067668,3326.99078066613,6605.61359049565,3410.1353845631,1168.01000216794,4173.04365821598,8282.49784336515,4269.17252284536,1459.01209833883,106.534850239623,211.460273318786,108.844954347974,37.1141044959663,2.18433214935092,98.9997387304623,206.536164203993,123.481715672943,4362.16189643793,8592.06067182436,4279.60103274208,1385.41088404003,0,2.95629636253343,15.6014494426931,35.6819133594055,25030.4108061583,49718.9678518379,25672.4560987971,8793.05931211519,4307.06430350437,8559.44147104792,4420.78887535756,1513.95771244284,6722.82592751073,13366.4165086162,6905.03865793787,2364.55799353201,170.239811134884,486.543660231898,503.078357057695,282.473448258135,3.42259994664516,158.353073393634,340.09142921342,229.595272238142
42,470340.007367628,933675.903481744,482011.489497575,165116.688944357,13498.4618262966,26796.187722049,13832.4749196002,4737.74868330518,3037.59244469972,6031.2394515971,3113.66776765532,1066.47034059368,4227.06654076338,8392.0456420198,4332.23467129649,1483.83426396064,5330.65173309393,10578.4727266447,5452.22706009123,1863.29704454005,136.559047628283,270.973115654752,139.458115109159,47.5520437952476,2.80008857677648,126.863658535714,264.61603311374,158.168761328145,5593.86095131355,11012.5164358793,5483.80136026796,1775.41652862341,0,3.79776587556342,20.0305752907451,45.823389496921,31826.9926323722,63210.096518256,32636.5105024249,11178.3110556433,5498.55924182269,10924.7726388621,5641.8106748474,1932.16871170143,8602.90502348957,17099.0905153251,8831.99023668077,3024.55939667603,218.476608317045,624.039339488751,645.057684639621,362.24092305142,4.39260750437692,203.111111883564,436.086562250998,294.441802081688
43,461844.056716759,916812.061952141,473306.547691007,162135.148507778,16984.3744722511,33714.6927970669,17403.577676199,5960.90037206867,3854.42963851173,7652.47812028131,3950.50416529911,1353.09307544476,5349.98612773945,10620.7408256516,5482.61386098044,1877.84915892036,6792.98727452649,13478.7382086521,6946.62024609402,2373.96762481335,174.779531844815,346.727378325256,178.42419517328,60.8376080550787,3.58403167103693,162.332929751239,338.536579434986,202.291175591044,7162.80220669596,14095.3525045497,7017.47449037241,2272.10867981489,0,4.87528358135495,25.7010954396602,58.8037975138988,40322.9432832406,80073.9380478595,41341.4523089929,14159.8514922221,7001.57064329684,13908.3735752378,7181.96238983817,2459.68533604602,10987.0120399532,21832.1308499032,11275.2983819753,3861.41662518701,280.019981533071,799.440451085158,826.166494511411,463.990671785917,5.63032151992659,260.213623192289,558.549253583286,377.166329591013
44,451310.163134844,895903.531160262,462513.843403767,158438.489752703,21234.5143573192,42149.9424605091,21757.5983363865,7452.239216228,4870.67069109298,9669.46269243528,4991.61120151694,1709.68337747464,6738.47962787804,13376.5066192058,6905.05120836039,2365.05237564315,8630.2679153244,17122.5275544911,8824.07604397965,3015.52866058598,223.272224311858,442.836066937109,227.858075308298,77.6916424211123,4.57881719299141,207.33426051316,432.304242713245,258.219539123423,9155.05323203629,18009.6064049595,8964.70854170544,2902.7063839677,0,6.25278068730979,32.9489462626863,75.3890518529607,50856.8368651557,100982.468839738,52134.1565962331,17856.510247297,8886.69675235097,17650.3579137688,9113.56747795399,3121.28130932069,13997.1461276076,27807.6618462547,14359.9395735323,4917.93734610512,358.327196892666,1022.5939262007,1056.56850029874,593.432032818372,7.20537160612349,332.870857389149,714.361705775142,482.417169379905
45,438381.694839489,870242.465551518,449267.966456686,153901.521392827,26337.9807687497,52278.8105617351,26985.8642622061,9243.06720721602,6123.04661726117,12155.0952424381,6274.62209401941,2149.13410519874,8436.09761395466,16745.7835975527,8644.17107011947,2960.73339425884,10922.9134345657,21669.2991635487,11166.7305615708,3816.0399198084,284.540749524853,564.25939186666,290.310027045436,98.9832974792236,5.83592695590652,264.191689773651,550.747501323121,328.800601190961,11674.8900494985,22960.0847214557,11427.3946158491,3700.18645474741,0,8.01008011237489,42.1934111808534,96.5336272732548,63785.3051605105,126643.534448483,65380.0335433143,22393.4786071728,11234.1973175282,22310.0171660244,11518.8507843324,3945.12341998705,17777.0294602779,35310.9231231708,18233.1474266562,6244.55458571093,457.624728105341,1305.53734035672,1348.68813686823,757.544057638957,9.20292714294807,425.009452029793,911.941647585591,615.879559511569
46,422712.606213558,839141.981773902,433214.296837077,148402.7299697,32348.9655627938,64208.9208382287,33143.9751384536,11352.4585861827,7648.19107661773,15182.0890583183,7837.07549662025,2684.30751092799,10482.3881609246,20807.0761827332,10740.5060582603,3678.78298325458,13759.4266166503,27294.5315691061,14064.961110555,4806.37256396829,361.546125658921,716.863450530852,368.795702208098,125.740175362852,7.41630865934752,335.65444274868,699.571502126656,417.381574835908,14846.4599351377,29190.636693497,14526.8649055203,4703.8105336034,0,10.2459909352638,53.9532491788118,123.41610216466,79454.3937864424,157744.018226098,81433.7031629231,27892.2700303003,14131.6284670946,28061.1292163608,14487.5184073408,4961.9434332353,22491.4115956294,44668.8919887754,23063.7035588683,7899.08502762779,583.003298577806,1662.76950309093,1717.48955920475,964.732056893094,11.7256497845189,541.362414602823,1161.43503081121,784.405658051275
47,404011.69253405,802023.970582056,414054.32094929,141839.796911459,39258.4776177248,77922.5372547554,40222.8441989213,13777.342105882,9478.27026373962,18814.2976593055,9711.94098590414,3326.50324503392,12905.4533234677,25616.1829722114,13222.8750251563,4529.08331378024,17231.7334984641,34180.4793585032,17612.6172728416,6018.57708456745,457.701384175791,907.409351796537,466.79025927359,159.146211468963,9.39031066044316,424.892393813207,885.343612963814,527.789416167661,18814.281067717,36985.1489259086,18404.4044314584,5959.28673345445,0,13.0815016511226,68.8632641909585,157.474978186484,98155.3074659495,194862.029417945,100593.67905071,34455.2030885412,17669.0489544674,35082.4476489569,18111.8504555366,6203.35829479775,28322.3275702896,56242.8615420213,29038.1093710958,9945.41937408118,740.479162828067,2111.42484524267,2180.6561861548,1224.92817666429,14.8949867547624,687.528696193438,1474.8434240051,996.100345491471
48,382102.674903019,758538.330062334,391607.169746798,134150.674339774,46960.6197888776,93209.6373562456,48114.152317019,16480.6671045398,11634.5765469424,23094.0026287789,11921.0585496936,4083.2117632089,15711.6835527454,31185.8259302352,16097.8695601417,5513.90737433473,21427.0470856698,42500.0338623788,21898.6974380022,7483.03572635541,576.807392897477,1143.42575197007,588.162412297808,200.51902469734,11.836428997802,535.437164660001,1115.3636789212,664.236523381312,23741.7543008501,46664.6444922215,23219.8367043765,7518.30762071234,0,16.6627511768302,87.689592749921,200.440522996221,120064.32509698,238347.669937667,123040.830253202,42144.3256602261,21931.1115924309,43542.0097744264,22478.6033808549,7699.09756670588,35460.9101629267,70412.1968767597,36352.2049951863,12450.6536146456,936.990671139085,2671.26341946224,2758.57970887963,1549.58479960289,18.8511886713059,869.97393828713,1866.02513773645,1260.32162007109
49,356994.525653617,708702.536206128,365881.663090648,125338.26510479,55219.7785909107,109602.784748266,56576.7233210263,19379.8806009232,14119.2471296114,28025.4795075802,14466.6563623349,4955.20910441518,18873.3781148166,37461.0821420847,19337.1726287317,6623.57500156297,26415.5860711874,52392.3629651646,26994.7880643553,9224.16610945282,722.902299006521,1432.91013246097,737.020267553968,251.25713546888,14.838303223973,671.043288302863,1397.36545057267,831.120436436647,29806.7438376261,58578.6377327992,29147.2697756076,9437.17033271224,0,21.1632772146627,111.341039169212,254.35617423808,145172.474346383,288183.463793873,148766.336909352,50956.73489521,26985.8087266416,53574.8037136822,27657.4840764976,9473.05628828604,44093.5089140138,87546.7931898403,45196.956883096,15480.2230044378,1180.29146341669,3364.36640337875,3474.04485467071,1951.49685179513,23.7512795290653,1095.93677699725,2350.49368697724,1587.54395024481
50,328949.086974496,653035.867309505,337145.609920707,115494.172096738,63649.7874709875,126335.745587781,65215.1442039477,22339.592191597,16905.9851069352,33556.5817418217,17321.8442519511,5933.30000644232,22316.231729522,44294.5460117813,22864.7356183762,7832.0589113256,32234.1444323802,63930.3221140047,32938.2626826117,11254.675361178,899.996545000204,1783.80324339369,917.440366687789,312.747306153549,18.4793753015458,835.44297838342,1738.99417896177,1032.68526736589,37193.2883653769,73088.9061725277,36367.0960486984,11774.1882596397,0,26.7848408028572,140.872728058516,321.580599560339,173217.913025504,343850.132690496,177502.390079293,60800.8279032623,32870.4376663548,65254.9161308146,33686.7737626037,11538.3707134996,54381.4561586393,107966.924960119,55737.7364943656,19090.8060868402,1478.69694531257,4214.41323325926,4351.4815377822,2444.38076329798,29.7640997135905,1373.20016681002,2944.92665322093,1989.02583122531
51,299223.83013829,594033.637473475,306686.815855974,105059.403040832,71092.1324829954,141109.341769819,72842.6911079655,24953.3264871227,19911.3771544305,39521.8107082615,20401.224989693,6988.24917075924,25866.2172733266,51340.8973645587,26502.350747177,9078.33700041734,33122.9332605238,65692.12997328,33846.1632114755,11565.1887733392,6849.99842680996,13582.2607059925,6993.77970358707,2387.90860434484,22.8346056588075,1031.9672038579,2147.00385369038,1272.51222196852,46077.6766579648,90542.1988582974,45052.4931419641,14585.3152758422,0,33.7559424584716,177.477388472909,404.759425373767,202943.16986171,402852.362526525,207961.184144025,71235.5969591678,39555.3112136143,78523.506227012,40536.147910818,13884.6811416135,66429.5088917735,131880.617165136,68081.9943780649,23319.2523300142,7996.40653053923,17428.2467193223,11648.5186044404,5152.54881381829,37.0614449531877,1709.68266398568,3666.28831105737,2476.21623153434
52,269310.056285431,534655.487965433,276032.909118962,94557.19283913,76582.3840175764,152009.345322188,78471.1969394244,26882.5467977696,22951.1085510596,45555.4001054484,23516.0217010429,8055.40557278929,29183.8361549285,57926.3769771833,29902.2601746808,10243.298695935,35216.2809697629,69844.808724376,35987.8940674478,12298.1888178018,12297.1700204504,24380.5563990422,12551.6225602472,4284.54365876618,27.954941318254,1262.83563123783,2625.75395721001,1552.565713173,56598.2090594729,111210.862396528,55339.8854598917,17914.510972742,0,42.32647856401,222.456021092965,506.746931893242,232856.943714569,462230.512034568,238615.090881037,81737.8071608701,46882.3679090977,93066.950013714,48043.768182484,16456.5781089302,80208.3556329662,159229.839721483,82199.8655844485,28155.3835582354,14821.4704395914,31265.2306789366,19289.9675026261,7988.73036255452,45.800346707879,2112.62108548449,4530.0752806322,3059.56783719224
53,240139.580080061,476750.94610615,246138.674610805,84314.6386560955,79874.2798967689,158546.65742704,81847.99288337,28040.5970072349,25832.1758293182,51274.3088770891,26468.5223175506,9067.04781309117,31980.9895478452,63479.1752462392,32769.2925842432,11225.8270164825,37998.7898104749,75365.0434643233,38834.8381250692,13272.4425886607,17483.226240968,34658.9118414299,17839.2948453265,6087.90048464564,33.8448237800193,1528.13112434368,3175.04733412259,1871.84538945391,68824.1137707831,135232.070377057,67299.1853408688,21784.2618193297,0,52.7555363277054,277.151958643383,630.439225006082,262027.419919938,520135.05389385,268509.325389194,91980.3613439046,54645.9420069508,108477.118940043,55998.9997517473,19181.9293010009,95526.2084683733,189634.102280528,97895.0401698338,33532.0080191863,22142.8970771532,46108.8167180567,27487.8588213133,11031.7533522554,56.0955266997227,2587.29996907685,5547.5899251467,3746.69295409464
54,212597.919229607,422077.875433904,217911.701468648,74642.7359238526,80834.6947668964,160456.631000184,82836.2248817066,28380.4675812988,28378.5591042516,56329.1652234576,29078.372202861,9961.38864312096,34046.9896524533,67581.0552872094,34887.5111234504,11951.9272227444,41000.3996803581,81319.8497067159,41905.4067727324,14322.9968075701,22525.6435588582,44650.7679328021,22977.5283579142,7839.43172540313,40.4487996765103,1825.19870826422,3788.8939001885,2225.70116616858,82742.3452078987,162582.163944956,80921.5102719616,26191.8214768249,0,65.2927625067735,342.851020537223,778.529453016693,289569.080770393,574808.124566096,296736.298531352,101652.264076148,62620.3158010489,124306.048069774,64170.6220948936,21981.5389484546,112067.080549994,222466.39020893,114843.940431301,39338.3303236498,30050.674881408,62141.519093311,36343.0123779698,14319.0529998289,67.9982511858006,3136.07647859252,6723.84933973242,4540.95058450124
55,187374.880149432,372005.845999542,192059.220810558,65783.8905348775,79537.1479019486,157884.755835106,81510.7536828798,27927.6723898512,30443.4859479396,60428.6101861253,31195.1424799576,10686.8812556567,35249.6117328623,69969.4599715635,36121.3130058734,12375.1090573716,43815.5050602951,86904.3610048539,44784.3812656313,15307.7314968197,27444.5343499147,54396.2619580342,27987.2249895677,9546.37411891066,47.6492660414783,2148.55832756382,4455.37727810137,2605.8862983779,98254.1855915662,193069.989439838,96115.9170784077,31108.2127149963,0,80.1572773741892,420.669409023233,953.242133138516,314792.119850568,624880.154000459,322588.779189442,110511.109465123,70576.4915845858,140099.219449606,72324.0076519687,24775.0311225814,129428.868631171,256928.718744184,132634.70484872,45433.2968953184,38546.8493990032,79367.4428021784,45857.5702701363,17851.3664272061,81.4852520605825,3757.869819461,8056.49232897059,5440.70942000463
56,164896.306763273,327380.577259921,169018.080155641,57887.9035766452,76260.0672830569,151383.295053107,78156.4615018139,26779.6924267984,31923.1629861798,63366.5618236856,32712.4097705341,11207.0454121073,35542.7732384274,70552.7808529457,36423.32706091,12479.1000547483,46119.3388749997,91474.2382618369,47139.5211254388,16112.9967279204,32189.1924300746,63794.9942083292,32816.7887532113,11191.1513456997,55.2727258523392,2490.20715833396,5157.34717164033,3001.13157351846,115180.885698136,226347.827945472,112714.617332588,36479.8879564386,0,97.5174363692714,511.447128222286,1156.09092612362,337270.693236727,669505.42274008,345629.919844359,118407.096423355,78303.187786101,155437.238306092,80242.6375027636,27488.2211989669,147164.664929142,292134.108527935,150809.493778872,51660.0827428412,47560.0828007072,97641.85035989,55951.3931898144,21598.8500073689,96.4564609502644,4448.05722697856,9535.55940114758,6439.20168618507
57,145324.874876186,288525.426802351,148955.4646335,51012.1921448215,71426.9455392414,141792.561223652,73206.9940554731,25085.0072608209,32764.9272794967,65038.4082742607,33576.1231592908,11503.3378909341,34964.6102443787,69406.5694474581,35832.473971691,12277.1895255716,47681.0476288662,94571.5480011656,48734.834075067,16658.1205855748,36663.9809952443,72657.4472524956,37368.7129604161,12740.5003041431,63.1029431603171,2840.23510051813,5873.76684499619,3398.10819067801,133277.510493426,261938.329874982,130485.969631289,42232.8518721224,0,117.474023116537,615.660668276459,1387.69222533376,356842.125123814,708360.57319765,365692.535366499,125282.807855179,85624.5538753717,169971.003592199,87746.2623933079,30059.3401783073,164826.015464822,327192.43893434,168908.804946027,57861.2708904788,56963.2827644623,116706.937556334,66481.8692284202,25508.4557351151,112.741026192712,5198.75202616554,11144.0927855166,7524.93165905082
58,128607.256000872,255334.93961103,131817.155003008,45138.302368521,65524.8805578692,130079.252232876,67161.316139538,23014.5149019047,32967.1977143405,65440.9259943565,33784.5700844131,11575.1451868567,33622.6967398522,66744.2242393802,34458.8474567696,11807.0563512181,48369.1613558643,95935.5741296867,49436.0953334879,16897.2741387764,40752.4054946637,80752.7723296534,41524.255135922,14153.926418149,70.8987433913215,3187.64817337578,6581.48575365477,3782.61580873839,152252.503393146,299272.614274851,149152.908941011,48278.5058897705,0,140.04901479004,733.366152195735,1647.65893606526,373559.743999127,741551.06038897,382830.844996992,131156.697631479,92410.4590323775,183442.142446828,94701.4586572363,32442.6548188723,182001.707669028,361287.441469886,186511.222743448,63892.471559484,66593.0620751066,136231.311503111,77265.7545398988,29512.0560158659,130.110263303883,5999.40147031427,12859.4223751985,8682.54782615162
59,114541.205677082,227407.976930357,117396.235077091,40195.4378127161,59029.2494615844,117186.927520146,60506.5165167248,20735.082428264,32572.3410409624,64658.1322050365,33381.079747455,11437.2875104325,31670.6786559606,62870.6279552113,32459.7888671665,11122.5771006145,48147.1104033667,95493.8951157026,49206.2013582344,16817.8636320355,44338.1723289252,87850.5734962482,45164.9884499319,15391.078275847,78.4137682089139,3521.27560358679,7257.17064815493,4140.81861486484,171789.82866391,337733.410339236,168413.841809618,54520.2724302997,0,165.180834475925,864.177525623773,1934.582194926,387625.794322918,769478.023069644,397251.764922908,136099.562187284,98578.9634584001,195687.928664849,101024.174521855,34609.343927706,198346.902746973,393734.538929437,203263.285017162,69632.5587306995,76269.3722305877,155849.814860178,88101.1945957808,33534.6307759578,148.295245167654,6837.59851114191,14654.9101257475,9894.02459077685
60,102841.386029993,204178.362108547,105400.533200241,36083.5631697061,52351.1782141791,103931.709014549,53663.9475274852,18391.084104937,31655.0117345269,62838.1490836364,32442.08411133,11115.9310458877,29282.4266397467,58130.849272479,30013.4081445639,10284.7561476425,47059.379710542,93334.8942518484,48090.9587401393,16435.6544892119,47321.6519910699,93753.558400647,48189.6224653232,16417.4949954857,85.415349027368,3830.63044273643,7879.11819008409,4460.35249768803,191570.550330915,376697.121109759,187963.047006797,60860.0644887023,0,192.726315798389,1007.28061403636,2246.09906073896,399325.613970007,792707.637891453,409247.466799759,140211.436830294,104092.330726748,206633.378663071,106675.655781682,36546.1058176071,213599.678389332,424013.700941354,218896.455346028,74989.4907601074,85813.2521914643,175199.522435571,98787.6209330871,37501.6612142499,167.006309148298,7699.98185991948,16501.8830069448,11139.9707494357
61,93191.9626096032,185019.293906579,95506.531888794,32691.8778576791,45811.1672787429,90949.8919937945,46962.158719789,16095.1167991912,30309.127258961,60167.3545791221,31063.7755368611,10644.0179765703,26629.4220991205,52865.2532968446,27295.408387681,9353.7848935736,45211.315125402,89667.6813601007,46198.3909312294,15787.6814502254,49630.9150831733,98319.4123994734,50525.2540600791,17208.4427842385,91.7001797026105,4106.61821104377,8428.72775581929,4731.170920905,211291.390365294,415570.025663368,207508.274257354,67203.8759136614,0,222.468589674261,1161.47846239331,2579.03140395556,408975.037390396,811866.706093421,419141.468111205,143603.122142321,108949.161033496,216275.644229888,111654.392817425,38252.4016029389,227585.286979037,451777.916572894,233231.508186311,79901.8188466172,95061.1098172154,193948.7023115,109141.75259001,41345.0731724081,185.951850589,8573.10297296547,18371.4939338895,12400.8884052373
62,85282.2970583396,169314.215113661,87395.9649450689,29911.3608890384,39634.5841916227,78688.9635629228,40632.2413617921,13926.3945529211,28635.890463309,56846.6076617593,29349.83313262,10057.0614348476,23864.4945894351,47377.2132278001,24462.4126178319,8383.32693623499,42746.5476784331,84777.2937617079,43675.6206831402,14924.3332912902,51227.2422946478,101471.705070554,52132.9571564185,17750.8124469003,97.1053779174618,4342.03037224678,8891.50508281485,4946.061496228,230678.838346295,453815.841719684,226784.204756068,73466.0744803352,0,254.129509664918,1325.26026424501,2929.57447220433,416884.70294166,827571.78488634,427252.035054931,146383.639110962,113175.035625011,224665.446397025,115986.538107942,39737.1733674122,240210.588535591,476842.161698592,246172.842967365,84336.7442543934,103874.655996067,211816.957858499,119008.718480429,45007.3654699454,204.854430645902,9444.16898936552,20236.3154767364,13658.2503112449
63,78827.4919337581,156497.614584168,80776.8931931767,27641.9981238215,33961.1882214611,67426.4829994452,34817.5615803823,11934.0756724445,26734.3125947213,53072.4344324131,27401.7086709225,9389.81657215419,21112.6838749937,41914.9618235034,21642.5890041206,7417.30309637376,39825.7040052387,78982.4539594563,40687.080744571,13901.8958575046,52105.7583866736,103201.12333025,53008.3848302312,18043.3109014628,101.514471392117,4531.80319691288,9257.56150945525,5100.82812484084,249498.346511761,490973.740781374,245561.335999105,79572.2610935087,0,287.384892478752,1496.88446803511,3293.51055788931,423339.508066242,840388.385415833,433871.106806823,148653.001876179,116813.495953434,231889.170724916,119716.663567932,41015.6778611202,251452.140016352,499159.769867968,257696.292654388,88285.9452462401,112146.382498007,228586.330697605,128268.181370003,48443.8798143028,223.463026490111,10301.6075766786,22071.5505270306,14895.3174327003
64,73577.670210125,146073.464931709,75393.2327314431,25796.0520516183,28861.5067956651,57302.5725201366,29590.5254032055,10143.0021746356,24694.656010893,49024.0083258679,25311.9029810357,8673.9758085079,18468.1495997485,36665.4474044845,18932.4736621145,6488.79994057098,36608.8467502764,72600.7321202256,37396.5514085751,12776.4077014781,52292.3553645747,103559.346102786,53178.5820103778,18095.3585086282,104.858705304866,4673.06198185406,9521.65715120283,5194.18601837817,267558.956563412,526667.485751512,263650.607822124,85460.7928472611,0,321.880861424425,1674.46682992123,3666.42494892177,428589.329789875,850812.535068292,439254.767268556,150498.947948382,119918.346898263,238053.588764446,122899.872559605,42106.7837321239,261341.326496198,518792.926379224,267833.895643631,91760.3621010513,119801.133556588,244104.481050914,136836.082543428,51623.4432095259,241.561110800366,11135.439276606,23855.8292447044,16097.6761785243
65,69319.9865014786,137619.228386826,71026.8301103987,24298.7764934858,24354.729923399,48355.4295788698,24970.9082607892,8559.9778291779,22594.632821907,44855.6004017091,23160.0661348488,7936.83148129568,15995.5014079989,31756.9661087749,16398.3252541174,5620.53155778141,33242.7157407616,65923.2367883673,33954.1175856772,11599.2012630105,51838.2049677109,102648.14194856,52696.3425817279,17925.1496564433,107.114540611661,4764.99195869173,9682.88059857127,5227.44143125172,284714.114096132,560607.154974269,280904.463725606,91083.1840717853,0,357.249853932735,1856.06574826366,4043.90621576855,432847.013498521,859266.771613174,443621.169889601,151996.223506514,122547.685072537,243274.002610291,125595.678488644,43030.8737032009,269949.097094586,535882.373315239,276658.257886051,94784.8404163541,126794.642647742,258281.713732241,144662.986081209,54527.747322302,258.970829438223,11937.4697953413,25571.6192567843,17253.5137623254
66,65876.4886203425,130781.621240631,67495.2803551096,23087.671287399,20424.9986863838,40553.6573616136,20942.5450740619,7179.48628289875,20497.8603361365,40693.5096895833,21011.4107019483,7200.73112532102,13733.7483160388,27266.9956965018,14080.1662576354,4826.22259320375,29852.9353885349,59199.1609444596,30488.21161903,10414.185493384,50813.0859538263,100606.121866802,51633.366273123,17557.306574653,108.298401796914,4808.58552001198,9744.07411384644,5204.03458433877,300859.58429694,592585.222524647,297215.186709632,96403.6444090901,0,393.125155750649,2039.75889561325,4421.71764971161,436290.511379657,866104.37875937,447152.71964489,153207.328712601,124759.653807982,247665.816419327,127863.652371248,43808.3527289107,277372.110569252,550619.909281928,284268.355941944,97393.2671075879,133109.992013837,271083.792389471,151730.09754266,57149.8646838602,275.553857231988,12701.3290316212,27205.3068576126,18353.6709620733
67,63100.1216116377,125268.687692787,64647.8378035768,22111.0824716397,17034.7075063994,33822.6711000191,17466.9637416479,5988.36289077927,18453.9030722616,36636.1435220637,18916.7515953847,6483.09027648918,11701.3481924627,23232.215270251,11996.9539478386,4112.37902281861,26540.399718058,52628.6174303973,27101.9317888636,9256.59177212804,49298.5755061674,97595.2288070635,50073.2882126814,17020.4932128119,108.459843522699,4806.31993353637,9711.12111996583,5129.02379313769,315929.48454949,622468.962982399,312511.444205086,101398.043254773,0,429.15326148361,2223.70758495494,4795.93330542305,439066.878388362,871617.312307214,450000.162196423,154183.91752836,126609.651264589,251338.992362158,129760.559536433,44458.6663912743,283721.171424911,563225.433574786,290777.684970504,99624.5092234881,138752.969996552,282522.519851653,158044.050719386,59492.3083549481,291.209800561297,13422.3969525535,28747.0355010636,19391.5308218921
68,60870.134546614,120840.685699015,62360.7123058175,21326.591166983,14134.5163224246,28064.5752826476,14493.6487578874,4969.31235917748,16499.3624302382,32756.1782373549,16913.6203577351,5796.77364215278,9901.38025085201,19658.7709986388,10151.8793692809,3480.10332013754,23380.9269348664,46361.9610319239,23872.7051353061,8152.8637462153,47381.7941867216,93788.3308942232,48105.2849341107,16345.2294704924,107.674040300982,4761.80719814994,9592.1850224715,5008.56790610913,329891.211287982,650190.686976041,326753.757099038,106052.522255308,0,465.003682006728,2406.20701835295,5163.03613342447,441296.865453386,876045.314300986,452287.287694182,154968.408833017,128148.704739288,254394.821705502,131338.691680888,44999.7289421519,289112.264140821,573929.146314198,296305.067886126,101519.26421155,143747.036217457,292645.524706218,163631.258499724,61564.9309004072,305.872883957301,14097.650352285,30190.3747729874,20362.792924087
69,59087.6482621605,117301.290722683,60532.5287495648,20699.4580263581,11670.4278839108,23172.2155878153,11967.2976306139,4103.39607424341,14659.5161311102,29103.8118870334,15027.9435942826,5150.66977153646,8326.19159912488,16531.4990986577,8537.12864435226,2926.72575739252,20427.0826384392,40503.4122129825,20854.1666128433,7121.30465903426,45150.1470820448,89358.7952183262,45818.7071432386,15562.0590414446,106.034371107457,4679.45124811245,9396.97343179751,4849.45109469391,342739.952032102,675737.14787938,339929.531861227,110361.955477076,0,500.376145009842,2585.72233207935,5519.98009822072,443079.351737839,879584.709277318,454115.471250435,155595.541973642,129422.677156179,256924.348106851,132645.052085946,45447.6437698196,293660.055098625,582958.646483994,300967.992889523,103117.776372186,148128.461425959,301526.403546473,168532.462834234,63382.8984990177,319.507660125473,14725.4646210024,31531.8931756416,21265.1829107378
70,57671.7104700838,114489.765979758,59080.2851179977,20201.2383172805,9588.43696265808,19038.4108767809,9832.58876398284,3371.6666340749,12950.1880879625,25710.4749459832,13275.9581713023,4550.34701330596,6961.27215467687,13821.6179255337,7137.85435085736,2447.16526307185,17711.282639515,35117.2182047805,18079.3442326559,6173.17047536292,42687.2295778589,84472.37500463,43298.9090342295,14700.1281715028,103.645584204684,4564.13438015027,9136.07292839187,4658.67418929955,354493.23452304,699138.99734995,352048.076024029,114328.389684604,0,535.005332434895,2760.91137655343,5864.22025149765,444495.289529916,882396.234020243,455567.714882002,156093.76168272,130472.055770177,259007.946943039,133721.137835406,45816.6285145934,297473.524642403,590530.25827489,304878.133931756,104458.301270979,151941.964108773,309255.871888793,172797.844241268,64964.8739149455,332.10427996302,15305.3952851893,32770.6878991075,22098.1332536228
71,56555.9453124062,112274.312153405,57935.9192700529,19808.6055282404,7837.37597532213,15561.604554403,8037.10046288279,2756.16867689394,11379.6037927699,22592.5127239614,11666.1120380283,3998.70466375648,5788.25303877427,11492.6805663891,5935.2490519657,2034.9827355509,15249.4375934015,30234.8875039902,15564.3951375881,5313.95040791231,40069.9220226818,79281.4569752378,40624.2965400905,13786.182231589,100.617866382457,4420.94727664513,8820.38321159214,4443.12559180211,365185.844398262,720460.934821023,363135.908462648,117959.564121617,0,568.663424946122,2930.63582515176,6193.71604263853,445611.054687593,884611.687846595,456712.080729947,156486.39447176,131332.103613681,260715.624987658,134603.094080119,46119.0677384597,300653.322059816,596843.777738146,308138.637134979,105576.175320855,155237.036938808,315934.315041133,176482.906566025,66331.4882405785,343.673751672229,15837.9591159481,33907.9140664627,22862.4640117823
72,55636.086363431,110447.894082248,56992.5009930724,19484.8896378618,6415.00736521086,12737.3837985007,6578.58430833842,2256.15947371789,9951.57171319499,19757.5010224115,10202.325459784,3497.09105697636,4790.29407498293,9511.27167203748,4912.06989932893,1684.27580534475,13045.0248047627,25863.2709635634,13312.7765110421,4544.7955925796,37366.5744569836,73921.4717417512,37864.4914080989,12843.9442123251,97.0619666107556,4254.96896467935,8460.66228538615,4209.33382051443,374865.379254823,739793.076940447,373232.626481792,121267.596608704,0,601.160814362591,3093.96265315701,6506.91379197638,446530.913636569,886438.105917753,457655.499006927,156810.110362138,132034.771881407,262110.816635776,135323.674409577,46366.1852665261,303290.840314967,602080.633811439,310843.170389683,106503.48981655,158065.028171936,321665.870679278,179645.20929663,67504.1280472163,354.243483564649,16324.4283914975,34946.342579994,23560.0832541278
73,54835.0202204858,108857.395113444,56170.9471978513,19202.967915257,5291.61321428459,10506.7595560052,5426.59570623585,1861.22000426033,8669.25035998516,17211.7247004004,8887.85312604045,3046.6280839195,3957.11410620808,7856.99482253053,4057.79704739433,1391.44847622962,11095.2272190215,21996.7455928491,11321.5332320819,3864.67313548422,34636.4173164172,68509.736242076,35079.7489562979,11893.9220080623,93.0857357515606,4071.11283459099,8067.21542304803,3963.31837521602,383589.271827846,757245.185810966,382388.1513789,124268.108043122,0,632.345327138467,3250.15793215,6802.71395844862,447331.979779514,888028.604886557,458477.052802148,157092.032084743,132612.109969569,263257.153599165,135915.737128774,46569.2436241448,305471.142489452,606409.696908856,313078.922919745,107270.119980108,160477.265316214,326554.625966497,182342.269578357,68504.1577573379,363.8536093012,16766.6613256018,35889.9959631013,24193.7405825618
74,54137.4647867213,107472.467757778,55455.5868236313,18957.4716234801,4396.1542612356,8728.69244033093,4508.30324284487,1546.38311936615,7529.59271643009,14949.1460625338,7719.58520982667,2646.25515886123,3270.89839321711,6494.49103547673,3354.17989772174,1150.2513665036,9392.18129837552,18619.6860420921,9582.5677425339,3270.79821411458,31929.8143874256,63145.9658661637,32321.2351569646,10953.5090238661,88.7918683390068,3874.02820743557,7649.70332702102,3710.51742016102,391422.102288255,772941.421880564,390660.161669596,126979.381500924,0,662.100707626691,3398.6769298595,7080.4325727232,448029.535213278,889413.532242223,459192.413176368,157337.52837652,133090.014285613,264206.051940567,136405.832980057,46737.3435771461,307272.468273213,609986.296825848,314926.097055745,107903.550313504,162524.038053797,330702.557456794,184630.427690118,69352.5002456334,372.55419413886,17166.973183633,36743.8717705435,24766.8401219169
75,53529.7994938916,106266.061959383,54832.4498102615,18743.6133742498,3676.12372361613,7298.93803050187,3769.87755907455,1293.19720554704,6524.64025531293,12953.9741677527,6689.37403317936,2293.18376726383,2709.85443294932,5380.50022338595,2778.88464172933,953.032728760321,7921.65407940063,15703.8342175026,8081.27704832941,2758.16384832249,29288.3582352724,57912.4713045734,29631.1378507373,10037.0263963377,84.2758678978757,3668.01215818109,7216.97169320492,3455.72468674578,398432.293911659,787013.863710338,398110.877462971,129421.301922641,0,690.344228382645,3539.14990051205,7339.75607013198,448637.200506108,890619.938040618,459815.550189738,157551.38662575,133488.323034748,264996.900003035,136814.301789199,46877.456826061,308762.899314795,612945.599783695,316454.486199735,108427.699865382,164253.423277746,334207.149484268,186563.533263705,70069.1498689654,380.402283170073,17528.0001280173,37513.650511874,25283.2431014053
76,53000.0776859808,105214.450652462,54289.2810270093,18557.1924291715,3092.34808915143,6139.72338479822,3171.15936779522,1087.89747880025,5643.81673522035,11205.2192815994,5786.3862699167,1983.70407371497,2252.59562005842,4472.56594493282,2309.99070686633,792.28106795194,6664.31491928956,13210.8222358821,6797.85288899837,2319.98504903447,26744.9356596628,52874.2944517935,27042.7446102746,9155.75284751832,79.6242691053163,3456.93299925198,6776.90489200065,3203.03783803216,404689.287021531,799596.967273976,404804.314889774,131614.45636958,0,717.023775305727,3671.36534736454,7580.69284619684,449166.922314019,891671.549347539,460358.71897299,157737.807570829,133822.37226746,265660.147788822,137156.867881559,46994.9730276085,309999.606337349,615401.112228986,317722.701016771,108862.655996468,165710.102581066,337158.996694516,188191.621969583,70672.6814325883,387.458973445823,17852.5641803901,38205.406052407,25747.0721513229
77,52537.9163967467,104297.011502681,53815.4280543391,18394.5566184782,2615.33896890742,5192.50363595358,2681.91848983338,920.123050408587,4875.41849674074,9679.65194144674,4998.63118019511,1713.70896258734,1880.02772900396,3732.7815868254,1927.92596540567,661.28915968611,5597.86071666333,11096.3898971156,5709.45698182628,1948.44325734822,24324.138979852,48080.0296216071,24580.8728041439,8318.07451708015,74.9134978809858,3244.18292216644,6336.34108158184,2955.84303116234,410261.385214205,810823.334451249,410804.174482862,133579.439281059,0,742.11444095561,3795.25095981273,7803.52212219049,449629.083603253,892588.988497319,460832.57194566,157900.443381522,134104.123390304,266219.54545841,137445.796036748,47094.096099334,311029.593515038,617446.157816131,318778.931453674,109224.935072093,166934.555757016,339640.169313352,189560.013799877,71179.9158130499,393.786903488025,18143.557467506,38825.357539759,26162.5437980249
78,52134.3368815513,103495.910626077,53401.6781825136,18252.5467480927,2222.70352915538,4412.82060534135,2279.19864358233,782.006425497836,4207.56297919774,8353.68631358035,4313.93328959594,1479.02756923017,1575.94047382414,3128.96527356645,1616.07381395491,554.362466797344,4699.01742867836,9314.35628305698,4792.2690123438,1635.38715243193,22043.0113171557,43563.3065490483,22262.639701361,7529.75063688691,70.2093780154193,3032.66002535078,5901.04874657755,2716.83478337904,415214.218012422,820820.679451577,416172.305090161,135336.341281476,0,765.614872402228,3910.85351990904,8008.74293620773,450032.663118449,893390.089373923,461246.321817486,158042.453251908,134342.987876788,266693.780630575,137690.736952171,47178.1340479229,311891.031238681,619156.522864441,319662.312407778,109527.950311689,167962.670206335,341723.422089174,190708.877708839,71605.7589318192,399.448272453458,18403.8509251186,39379.6739334912,26533.8366357588
79,51781.5938481499,102795.763712781,53040.0836295145,18128.4368915071,1897.29654482315,3766.63398118093,1945.42281729107,667.523877396847,3628.76712608829,7204.52870267295,3720.5255620253,1275.62867959973,1326.97096831639,2634.58758601197,1360.73604297564,466.806560344464,3945.04793738015,7819.6111372594,4023.02833960454,1372.85988894028,19912.0224124307,39344.7297226473,20098.4664952111,6794.25867012446,65.5671980946154,2824.77559368959,5475.75532601448,2488.06401105869,419609.733964716,829709.825978487,420967.662894065,136904.39572591,0,787.543585270387,4018.31889329787,8197.02569511883,450385.40615185,894090.23628722,461607.916370485,158166.563108493,134546.432882108,267097.680691812,137899.348065958,47249.7117693288,312614.705756602,620593.334028215,320404.40944426,109782.520901423,168825.706929899,343472.126463964,191673.195889405,71963.1892270078,404.503391604471,18636.2275748874,39874.3313466633,26864.9952872539
80,51473.011682174,102183.310940396,52723.793803846,18019.8770403805,1625.88444597777,3227.66906412113,1667.02367436167,572.025892139757,3128.28080254475,6210.83964751377,3207.39137332891,1099.73799921933,1122.29968196113,2228.16809628193,1150.82132608573,394.820407250353,3314.73863196415,6570.07142319551,3380.04152190197,1153.44330071207,17936.1451390186,35434.0163653657,18093.183325279,6113.1734105744,61.0321927252033,2622.47982102553,5064.21312458417,2271.00417676586,423505.607423634,837603.509237043,425245.65891742,138301.749866854,0,807.935405058425,4117.87293319211,8369.16790610404,450693.988317826,894702.689059605,461924.206196153,158275.12295962,134720.431161554,267443.105998645,138077.754756538,47310.9291202439,313225.373028332,621805.745900556,321030.606439169,109997.347539986,169550.515038265,344940.706649721,192483.006309349,72263.3484401382,409.009690774755,18843.3367995062,40315.0154867452,27159.8649018851
81,51202.8356740285,101647.121610992,52446.9028643035,17924.8409569438,1398.17222187102,2775.48493933358,1433.44602274935,491.895208484028,2696.25752180525,5353.07300059781,2764.43967167408,947.898228602231,953.260347615468,1892.50101815162,977.445427109185,335.359360672398,2788.94775553231,5527.7681326005,2843.74112004266,970.448449869165,16115.9289705905,31832.1272825058,16247.1292695811,5486.54379410778,56.6403017611087,2427.29966318418,4669.28892445292,2066.62671129948,426954.957206796,844605.786202319,429057.802825713,139545.332207877,0,826.838150316896,4209.8038743739,8526.05508214381,450964.164325971,895238.878389009,462201.097135696,158370.159043056,134869.79763123,267739.618034903,138230.895333884,47363.4791503717,313742.934125255,622833.274396621,321561.310351954,110179.425323528,170159.897990444,346175.383223592,193163.814875877,72515.6952999441,413.021093014594,19027.6656041619,40707.060552335,27422.0503155268
82,50966.1009100958,101177.333822773,52204.3153357365,17841.5801846348,1206.08882023504,2394.05585123194,1236.41431409228,424.295738436249,2323.81953244681,4613.60526348875,2382.57182173778,816.992003233526,812.953291700901,1613.88762489124,833.534883216966,285.999328376547,2350.82809677174,4659.28694712915,2396.91134323523,817.992179395663,14448.4999583654,28533.2509537855,14557.1755040375,4913.24293365917,52.4190917127442,2240.38350131105,4293.06599560016,1875.47878315996,430006.290298671,850811.886407438,432451.564247887,140650.791619624,0,844.309627953193,4294.44655445575,8668.62722947975,451200.899089904,895708.666177228,462443.684664263,158453.419815365,134998.443080901,267994.983097799,138362.781105051,47408.7372230787,314183.413897067,623707.739603306,322012.954361903,110334.387525474,170673.055130565,347215.069198935,193737.091518182,72728.1902361691,416.587672782372,19191.5229548329,41055.4161705565,27654.8941579118
83,50758.5187110486,100765.428959093,51991.6296798288,17768.5841902201,1043.25813353706,2070.72101974889,1069.39040517262,366.98672342607,2003.05618882389,3976.73245432085,2053.68003940756,704.241380788368,695.900231593881,1381.45097584066,713.473181793353,244.815503320703,1985.83023373467,3935.77362646179,2024.68943964316,690.997007495556,12928.4468205036,25526.5609118843,13017.630642822,4391.27745603995,48.3887492735933,2062.54851568557,3936.94992129885,1697.75852298844,432703.600931484,856308.368562022,435470.388082165,141632.488327596,0,860.41497494472,4372.16860786847,8797.85088812531,451408.481288951,896120.571040908,462656.370320171,158526.41580978,135109.566946624,268215.555006348,138476.6939745,47447.8287259062,314559.755977196,624454.844038971,322398.812758706,110466.784857127,171106.044126294,348092.308259888,194220.789246055,72907.4884841439,419.755523806425,19337.0337818834,41364.635037008,27861.4689290389
84,50576.3791637172,100404.038118543,51805.038343308,17704.5461367517,904.604895484461,1795.40228299876,927.169617851527,318.184304200173,1726.98158817613,3428.58609440762,1770.60405666923,607.193008803156,597.752145510913,1186.55599644942,612.801334579292,210.279740314331,1681.5701736077,3332.67054542286,1714.42872079774,585.1437877707,11548.5767268933,22797.7140371151,11621.0118169731,3918.05062053149,44.5630827449526,1894.32788113203,3601.772307618,1533.38466361799,435086.572223865,861173.480690613,438153.81516759,142503.521338478,0,875.224353318799,4443.35863461305,8914.69639953228,451590.620836283,896481.961881457,462842.961656691,158590.453863249,135205.804782239,268406.567879538,138575.337611652,47481.6808677144,314882.459013048,625095.435722471,322729.653092609,110580.308951019,171472.229873857,348834.185353824,194629.847656346,73059.1272841792,422.56677702378,19466.1398977633,41638.8753445803,28044.5790361022
85,50416.468314304,100086.777648914,51641.2428237723,17648.3337911184,786.060477690567,1560.02005829229,805.57920057184,276.45819370608,1489.46910034271,2957.00330775764,1527.06408716869,523.695167719954,515.051720031853,1022.33790207127,527.974394481634,181.17710946023,1427.62303866567,2829.30672384502,1455.48632950849,496.79874206425,10300.5355961974,20330.0796658668,10358.6765039028,3490.57760793369,40.950484793551,1736.01570599136,3287.88816971348,1382.0586273628,437190.841267974,865477.647989915,440537.672182579,143275.780725143,0,888.81099734762,4508.41630830187,9020.12003549143,451750.531685696,896799.222351087,463006.757176227,158646.666208882,135289.341362402,268572.360687838,138660.953392697,47511.0624045527,315160.078125571,625646.503702885,323014.250188477,110677.968501163,171782.697882192,349463.165086889,194976.656318714,73187.6980705136,425.059723120865,19580.6057296628,41881.9134902317,28206.7697343612
86,50275.9975223538,99808.1088244995,51497.3811958681,17598.9646934852,684.338674029824,1358.04823738734,701.248525354041,240.652937834343,1285.17546448003,2551.37619736789,1317.58308682443,451.871143705693,445.042392285724,883.323118424016,456.16573227491,156.538821093079,1215.28875307483,2408.43250292256,1238.98272022979,422.930924137197,9175.30631049796,18105.7262871901,9221.32912899769,3105.65786977862,37.5548291447335,1587.70855056125,2995.26483564427,1243.31859780372,439048.296054133,869284.026703042,442654.300563663,143960.01477251,0,901.249578606404,4567.74421114334,9115.05023965246,451891.002477646,897077.891175501,463150.618804131,158696.035306515,135361.999141085,268716.552881434,138735.411083633,47536.6147106042,315399.622270245,626121.966938255,323259.793462869,110762.228836983,172046.623210263,349997.839869014,195271.468131772,73296.9999991894,427.268999489036,19682.0270133514,42097.1630826845,28350.340282924
87,50152.5435723423,99563.2188828947,51370.966662393,17555.5850985781,596.767127395809,1184.17953783755,611.4363146412,209.828721780156,1109.46063228589,2202.4927669539,1137.40464466049,390.091102661905,385.517392293958,765.129607192581,395.112312804754,135.589204184582,1037.35284968694,2055.74471030977,1057.5564543908,361.028175247391,8163.59522483313,16106.1865311923,8199.41325332194,2760.00829756993,34.3762855824702,1449.34286673685,2723.56117024646,1116.58541034554,440687.386915579,872649.090226307,444532.807908948,144565.906452779,0,912.614870576347,4621.74127859332,9200.37753685321,452014.456427657,897322.781117106,463277.033337606,158739.414901422,135425.306790079,268842.180473781,138800.27910689,47558.8758538925,315606.865117889,626533.291498295,323472.205603271,110835.121121565,172271.59174477,350453.581325904,195522.75911262,73390.1735219629,429.225819352329,19771.8414221543,42287.6980496332,28477.359826909
88,50043.997788065,99347.9199393163,51259.8353347247,17517.4520756704,521.157825880328,1034.06840957112,533.897908785707,183.215897361697,958.309190968821,1902.38097004536,982.412484724077,336.944515461637,334.701978755364,664.233084853401,342.993993815187,117.704346349235,887.860563865341,1759.43832159051,905.132830290054,309.017888094551,7256.12398158368,14313.0343000636,7283.40692555539,2450.36327925139,31.4120456575774,1320.72808610437,2472.19679095352,1001.20072460324,442133.436625224,875623.216212064,446199.326090243,145102.153806308,0,922.980676392655,4670.79764090826,9276.94746690011,452123.002211935,897538.080060684,463388.164665275,158777.54792433,135480.553315816,268951.803495334,138856.880026947,47578.2996080904,315786.589091483,626889.975070926,323656.392735727,110898.328072528,172463.874676313,350843.096750996,195737.535644921,73469.8144084488,430.958221297226,19851.3401275262,42456.2776949923,28589.6845557764
89,49948.5226892753,99158.5628791667,51162.1017465687,17483.9182558178,455.707604340283,904.133504398986,466.783284566056,160.180047148118,828.255746267374,1644.16061285356,849.054019732306,291.213970777958,291.161005094257,577.783524361572,298.338786337431,102.379631574321,761.912852808727,1509.80172224007,776.715122951822,265.195562594919,6443.84275466296,12708.3061012307,6464.0378093709,2173.54736070748,28.6569587024509,1201.57539953459,2240.41156858016,896.458179809491,443408.940388848,878251.257269263,447677.266988208,145576.550982413,0,932.418986951913,4715.29067368458,9345.55600915731,452218.477310724,897727.437120834,463485.898253431,158811.081744182,135528.830911915,269047.591084931,138906.33449066,47595.2705091102,315942.777789375,627199.929007143,323816.441691868,110953.25155635,172628.660024108,351176.898429799,195921.593546992,73538.0698528565,432.491325850175,19921.6796760307,42605.3723905613,28688.9752520349
90,49864.5150963868,98991.9640571287,51076.1209806983,17454.4188435222,398.921197396022,791.404911263269,408.558184327358,140.194966382484,716.316021636579,1421.9065983011,734.26975748478,251.85099276933,253.72751860446,503.463409886976,259.949672610054,89.2046660738879,655.486776078276,1298.86037102745,668.200870181354,228.161969686089,5718.07929298459,11274.7951357269,5732.4328612302,1926.52558958629,26.1040809546703,1091.52240896858,2027.31596591188,801.628296049144,444533.850015958,880573.083768276,448987.569619687,145996.067637414,0,940.999339422396,4755.58208786845,9406.94703851716,452302.484903613,897894.035942872,463571.879019301,158840.581156478,135571.069111865,269131.389309483,138949.596250492,47610.1158570286,316078.767075747,627469.778312239,323955.774911872,111001.065666993,172770.245791322,351463.695146375,196079.734128375,73596.7185970692,433.847589963337,19983.8937619875,42737.1890038187,28776.7146268498
91,49790.5747995536,98845.3430484855,51000.4565034059,17428.4605832905,349.552093634183,693.406728255407,357.943487801452,122.821894441117,619.924498932324,1230.52515035756,635.429406526741,217.954153613441,221.447534834823,439.378100573652,226.848001496,77.8438848490684,565.282595325951,1120.07352241093,576.225579941509,196.76972421701,5070.63514118077,9996.24074563427,5080.21424920721,1706.43555616402,23.7451406460873,990.153825226656,1831.93272131259,715.977770208933,445525.838195892,882624.090527404,450148.934129629,146366.924991916,0,948.788351652925,4792.01592067941,9461.81144130006,452376.425200446,898040.656951515,463647.543496594,158866.53941671,135608.061932044,269204.775066978,138987.480002638,47623.1152566805,316197.363639933,627705.097055708,324077.272004659,111042.758380739,172892.198514485,351710.713516154,196215.941475513,73647.2366535321,435.047052496296,20038.9045776431,42853.6953829528,28854.2239867892
92,49725.477375876,98716.2686403973,50933.8522549302,17405.6121843423,306.554331984981,608.061356137005,313.865797528164,107.692587364759,536.878527517418,1065.64287510407,550.274607476137,188.749455718617,193.535885631177,383.968176445552,198.228232786146,68.0210468582423,488.593505347175,968.075867558399,498.02962412189,170.077801336336,4493.84714668762,8857.44915354997,4499.56004488442,1510.60747249952,21.5709338889808,897.018945724129,1653.23159994177,638.784577030753,446400.542293067,884435.66559914,451178.040661348,146694.667551364,0,955.849385944743,4824.91717698256,9510.7873234859,452441.522624124,898169.731359603,463714.147745069,158889.387815658,135640.490487642,269269.10100104,139020.684584262,47634.5085684879,316300.941918866,627910.600825981,324183.369130493,111079.165612947,172997.485957509,351923.966901078,196333.53079265,73690.8522854455,436.107566313352,20087.5335404609,42956.6434776276,28922.6789541318
93,49668.1511724321,98602.6130988093,50875.2090146698,17385.4962101824,269.046481405937,533.617976590912,275.420509164505,94.4966667602774,465.288689763915,923.508237702793,476.868072762173,163.57290914613,169.342946948946,335.943382011185,173.423832245599,59.507551142022,423.196969343438,838.462055468376,431.347266756083,147.313635905541,3980.6148937257,7844.34676667025,3983.23034666097,1336.57251600167,19.5716506640914,811.645887813844,1490.15718625601,569.348916983203,447171.787195716,886035.620252508,452089.752652194,146984.230306177,0,962.24234242635,4854.59111929027,9554.46128770181,452498.848827567,898283.386901191,463772.79098533,158909.503789818,135668.940703848,269325.53067738,139049.81114285,47644.5021369172,316391.518695364,628090.294865209,324276.13550107,111110.997434998,173088.584148782,352108.472309004,196435.268019403,73728.5903263214,437.045016575159,20130.511378066,43047.591053587,28983.1242123402
94,49617.6574387439,98502.5126923051,50823.5639988157,17367.7820761809,236.282202771633,468.594097674607,241.84162770263,82.9712791095832,403.535395560311,800.90540190907,413.549107547647,141.855294889894,148.328155028431,294.23004509148,151.880123096516,52.1131359366524,367.26567095114,727.610134181194,374.315762763977,127.842089199636,3524.40723187883,6943.99216773737,3524.57229997753,1182.06404186698,17.7371426545798,733.553156640096,1341.65106853039,507.001088250369,447851.786762411,887448.578759106,452897.30300164,147240.000651178,0,968.023545356075,4881.32300992526,9593.37034338856,452549.342561256,898383.487307696,463824.436001184,158927.217923819,135693.918107545,269375.067963006,139075.378312045,47653.2739934129,316470.81409591,628247.595201923,324357.33593834,111138.85951536,173167.565017288,352268.427969806,196523.46774689,73761.3084515073,437.873521783383,20168.4874134044,43127.9216699785,29036.4870586468
95,49573.1732057982,98414.3336729542,50778.0732774983,17352.1800138981,207.626574276776,411.728541174348,212.477490477164,72.8927780239206,350.231055770285,695.079142180317,358.894846041591,123.108885904113,130.0393593579,257.930082398326,133.133119268062,45.6786269900854,319.294178288328,632.536157475665,325.400519584824,111.13990758518,3119.25315775734,6144.55721405875,3117.50937334246,1045.01349109358,16.0571400330586,662.258887884721,1206.66917916963,451.106816280704,448451.325328718,888696.330594988,453612.463970635,147465.875193231,0,973.245706887047,4905.37822398254,9628.00428699335,452593.826794201,898471.666327046,463869.926722501,158942.819986102,135715.860065977,269418.581335762,139097.834769607,47660.9781624234,316540.300794589,628385.426367712,324428.481343149,111163.270418665,173236.167963585,352407.358353051,196600.073170628,73789.7267904872,438.605618212889,20202.0380800016,43198.8629866685,29083.5898119982
96,49533.9764804085,98336.6428575519,50737.9965690118,17338.4358505938,182.537564853212,361.944650136364,186.771766369065,64.0702135476453,304.186999411447,603.669170875988,311.686347685535,106.915832799211,114.096112712804,226.28782123261,116.792394115736,40.070068499165,278.03913466705,550.775621255942,283.334085503794,96.7749076053562,2759.72140147097,5435.28585972949,2756.51930951862,923.542495720951,14.5214245197613,597.288113513194,1084.19506373583,401.070555426905,448979.920881956,889798.147953218,454245.701813175,147665.311679946,0,977.957952487411,4927.00265088422,9658.80839586062,452633.023519591,898549.357142449,463910.003430988,158956.564149407,135735.145786421,269456.823747694,139117.569499386,47667.7481807576,316601.244055604,628506.300923386,324490.869771117,111184.675686602,173295.858179521,352528.232330645,196666.721228112,73814.4520476911,439.252428384283,20231.6746980682,43261.5034707557,29125.1611259906
97,49499.4334824295,98268.1822682385,50702.6841319169,17326.3265084439,160.550530145753,318.319497365381,164.247553004561,56.3398822862838,264.385149588723,524.653910697098,270.879568871715,92.9182195631103,100.177140717879,198.665117568032,102.528231666844,35.1743206237336,242.470599650929,480.287012128399,247.066527742738,84.3890523416381,2440.89250220106,4806.43819879704,2436.6046053163,815.952493651794,13.119964408103,538.178321802606,973.249681525893,356.337164080559,449445.970630858,890771.069778784,454806.316384958,147841.376055675,0,982.205894619659,4946.42331499658,9686.18630333432,452667.56651757,898617.817731762,463945.315868083,158968.673491556,135752.104796227,269490.449470319,139134.920494524,47673.700082781,316654.734050479,628612.383646509,324545.619588888,111203.459205865,173347.873943375,352633.558999678,196724.795415924,73835.9970583086,439.823813616248,20257.8505137819,43316.8075099031,29161.8462141996
98,49468.9875333194,98207.8470544676,50671.5653529158,17315.6560855374,141.26607139064,280.059770897758,144.49492132683,49.5610583741009,229.953344856945,456.301502737669,235.580069623016,80.8093985865563,88.0095972531067,174.520020420831,90.0606093137076,30.895284701433,211.732605895915,419.373626559979,215.725216112478,73.684737932571,2158.32684487758,4249.22660223177,2153.25904436493,720.713050292362,11.8430181501951,484.483621192427,872.898412477885,316.392376437252,449856.880984256,891630.156059334,455302.56722248,147996.785065543,0,986.031742159308,4963.84915138486,9710.50294259537,452698.01246668,898678.152945533,463976.434647084,158979.343914463,135767.023918587,269520.027952391,139150.181917727,47678.9348568266,316701.71287945,628705.545201823,324593.697198716,111219.952714561,173393.265439318,352725.466333093,196775.469139855,73854.7968384278,440.328511907291,20280.9670599293,43365.6290600471,29194.2160765503
99,49442.1494402211,98154.6663870171,50644.1388709514,17306.2524641395,124.339743796221,246.481331843968,127.160356168733,43.6123736941407,200.144314487566,397.128067154662,205.021464085968,70.326608041979,77.3609645038531,153.390685823656,79.150890180002,27.1510562536822,185.111446289408,366.620719084401,188.582500836288,64.4137763127431,1908.02989707814,3755.74639024357,1902.43152168394,636.449301559842,10.6812110936149,435.77772061923,782.255723204672,280.762317813946,450219.18298253,892388.714261446,455741.78677977,148133.944607349,0,989.474436767822,4979.47189311863,9732.08749483498,452724.850559779,898731.333612984,464003.861129048,158988.747535861,135780.153244795,269546.055684342,139163.610231864,47683.5405486499,316742.996606684,628787.405910974,324635.939650836,111234.443557263,173432.92614967,352805.764780553,196819.740766225,73871.2215609055,440.774261925799,20301.3798741886,43408.7239071542,29222.7757821345
100,49418.4891213575,98107.786818792,50619.9639763449,17297.9643565925,109.473761931976,216.992737683704,111.938244404134,38.3888995090255,174.317556394196,345.861725449001,178.546845215775,61.2446079858203,68.0323038370417,134.881973191107,69.5949006745117,23.8715526241524,162.009810828611,320.844243646367,165.029353106661,56.3684106663017,1686.41704646376,3318.90579247297,1680.48959833592,561.929347086255,9.6255901836718,391.655950019372,700.487972310952,249.012349066313,450538.634809003,893058.500950917,456130.482081509,148254.984202804,0,992.569807828861,4993.46702809799,9751.23627366537,452748.510878642,898778.213181209,464028.036023655,158997.035643408,135791.711135013,269568.966133058,139175.429333775,47687.5940231696,316779.29367786,628859.372337276,324673.073544801,111247.181168105,173467.618717596,352875.999667975,196858.462500801,73885.5872469644,441.167914297374,20319.4036302758,43446.7606633915,29247.9718915051
